value,date
,2007-01-01
32.17555327331907,2007-01-02
28.783107648557408,2007-01-03
31.32084224804391,2007-01-04
26.537334533785888,2007-01-05
32.00753382327039,2007-01-06
,2007-01-07
32.28666157581616,2007-01-08
,2007-01-09
,2007-01-10
33.45310185343794,2007-01-11
,2007-01-12
32.267220464300294,2007-01-13
,2007-01-14
33.163627105796806,2007-01-15
,2007-01-16
,2007-01-17
,2007-01-18
30.035397727272763,2007-01-19
,2007-01-20
,2007-01-21
29.757195093403247,2007-01-22
,2007-01-23
35.194333932421095,2007-01-24
,2007-01-25
,2007-01-26
,2007-01-27
,2007-01-28
34.925020381384336,2007-01-29
,2007-01-30
35.22408847512342,2007-01-31
31.15781436090789,2007-02-01
36.89300062710218,2007-02-02
36.124294053930754,2007-02-03
34.526341314634394,2007-02-04
35.307145145832386,2007-02-05
30.758721873855205,2007-02-06
35.03685890200105,2007-02-07
,2007-02-08
35.891622321266446,2007-02-09
33.95328177312713,2007-02-10
36.744419132870135,2007-02-11
36.32906543184384,2007-02-12
16.84624033313508,2007-02-13
34.56405701241349,2007-02-14
,2007-02-15
36.25127276009207,2007-02-16
,2007-02-17
35.52559121880391,2007-02-18
33.9551392543485,2007-02-19
18.351223021582754,2007-02-20
35.788237561017404,2007-02-21
33.89990057525773,2007-02-22
39.88148913972977,2007-02-23
,2007-02-24
33.59362092312455,2007-02-25
26.67915022541085,2007-02-26
33.60393757456804,2007-02-27
36.87433022153329,2007-02-28
34.10782173852337,2007-03-01
37.64688085505648,2007-03-02
,2007-03-03
,2007-03-04
,2007-03-05
,2007-03-06
,2007-03-07
,2007-03-08
,2007-03-09
,2007-03-10
35.306505879351874,2007-03-11
,2007-03-12
35.56966934178343,2007-03-13
,2007-03-14
,2007-03-15
,2007-03-16
26.283074789380258,2007-03-17
,2007-03-18
,2007-03-19
,2007-03-20
,2007-03-21
,2007-03-22
,2007-03-23
,2007-03-24
,2007-03-25
,2007-03-26
28.827379889734857,2007-03-27
,2007-03-28
,2007-03-29
,2007-03-30
,2007-03-31
30.753758096970703,2007-04-01
,2007-04-02
,2007-04-03
,2007-04-04
,2007-04-05
,2007-04-06
27.96019467442382,2007-04-07
,2007-04-08
,2007-04-09
30.69067986472873,2007-04-10
29.210000000000036,2007-04-11
31.086036345560125,2007-04-12
,2007-04-13
,2007-04-14
22.944590898644034,2007-04-15
,2007-04-16
26.005392192630463,2007-04-17
,2007-04-18
,2007-04-19
,2007-04-20
30.640932069510303,2007-04-21
,2007-04-22
,2007-04-23
,2007-04-24
,2007-04-25
,2007-04-26
28.510000000000026,2007-04-27
32.919296235679255,2007-04-28
,2007-04-29
,2007-04-30
,2007-05-01
,2007-05-02
,2007-05-03
,2007-05-04
31.163225757730817,2007-05-05
,2007-05-06
,2007-05-07
,2007-05-08
,2007-05-09
,2007-05-10
,2007-05-11
,2007-05-12
,2007-05-13
,2007-05-14
,2007-05-15
,2007-05-16
27.755965975408945,2007-05-17
,2007-05-18
,2007-05-19
,2007-05-20
,2007-05-21
,2007-05-22
,2007-05-23
26.065663148571872,2007-05-24
,2007-05-25
,2007-05-26
11.62416136798571,2007-05-27
25.043041082164358,2007-05-28
,2007-05-29
,2007-05-30
,2007-05-31
,2007-06-01
,2007-06-02
13.491290322580673,2007-06-03
27.019403091400115,2007-06-04
,2007-06-05
28.44622706429693,2007-06-06
,2007-06-07
,2007-06-08
26.388627716192804,2007-06-09
26.971061634018177,2007-06-10
,2007-06-11
27.465124358468238,2007-06-12
23.536250000000024,2007-06-13
,2007-06-14
,2007-06-15
,2007-06-16
,2007-06-17
,2007-06-18
,2007-06-19
,2007-06-20
,2007-06-21
,2007-06-22
,2007-06-23
,2007-06-24
,2007-06-25
,2007-06-26
,2007-06-27
,2007-06-28
,2007-06-29
,2007-06-30
,2007-07-01
,2007-07-02
,2007-07-03
28.087004830917916,2007-07-04
,2007-07-05
25.49776080864065,2007-07-06
,2007-07-07
26.086606523009248,2007-07-08
,2007-07-09
,2007-07-10
24.502745331583775,2007-07-11
,2007-07-12
,2007-07-13
28.80783370316254,2007-07-14
,2007-07-15
,2007-07-16
28.496665154630914,2007-07-17
,2007-07-18
28.544399286025584,2007-07-19
25.57000000000005,2007-07-20
,2007-07-21
,2007-07-22
26.52849440482048,2007-07-23
30.25352088087219,2007-07-24
,2007-07-25
29.464065927133205,2007-07-26
,2007-07-27
,2007-07-28
27.886903679265615,2007-07-29
27.85586902571686,2007-07-30
,2007-07-31
,2007-08-01
,2007-08-02
,2007-08-03
,2007-08-04
,2007-08-05
29.81610198396912,2007-08-06
,2007-08-07
,2007-08-08
,2007-08-09
,2007-08-10
,2007-08-11
,2007-08-12
28.873775135555704,2007-08-13
,2007-08-14
,2007-08-15
,2007-08-16
,2007-08-17
30.56033734209883,2007-08-18
,2007-08-19
,2007-08-20
,2007-08-21
,2007-08-22
,2007-08-23
,2007-08-24
,2007-08-25
,2007-08-26
30.6197900968784,2007-08-27
,2007-08-28
32.00137026239068,2007-08-29
31.695615234375026,2007-08-30
,2007-08-31
,2007-09-01
26.183423998326223,2007-09-02
,2007-09-03
,2007-09-04
30.236890739820154,2007-09-05
,2007-09-06
27.116670396154504,2007-09-07
29.877100549518023,2007-09-08
,2007-09-09
28.888964577656683,2007-09-10
,2007-09-11
30.946080953875146,2007-09-12
,2007-09-13
,2007-09-14
,2007-09-15
,2007-09-16
29.64780400303931,2007-09-17
,2007-09-18
,2007-09-19
,2007-09-20
,2007-09-21
16.71225898459788,2007-09-22
24.796827620100775,2007-09-23
26.297478725179417,2007-09-24
,2007-09-25
,2007-09-26
,2007-09-27
,2007-09-28
,2007-09-29
31.712488479262696,2007-09-30
,2007-10-01
,2007-10-02
25.83170840108404,2007-10-03
29.379913342841075,2007-10-04
,2007-10-05
,2007-10-06
,2007-10-07
27.874776113693333,2007-10-08
,2007-10-09
27.045906564973013,2007-10-10
29.217430748108832,2007-10-11
28.867055039956853,2007-10-12
,2007-10-13
30.51756515832474,2007-10-14
,2007-10-15
23.670000000000016,2007-10-16
,2007-10-17
,2007-10-18
,2007-10-19
,2007-10-20
,2007-10-21
,2007-10-22
27.787002654119938,2007-10-23
,2007-10-24
29.838167684005676,2007-10-25
,2007-10-26
,2007-10-27
,2007-10-28
,2007-10-29
29.114312796208562,2007-10-30
,2007-10-31
,2007-11-01
30.786715015542157,2007-11-02
26.876323902951775,2007-11-03
,2007-11-04
,2007-11-05
30.487096385765394,2007-11-06
,2007-11-07
,2007-11-08
,2007-11-09
29.129056186816666,2007-11-10
31.220684126651413,2007-11-11
,2007-11-12
28.897029945999048,2007-11-13
,2007-11-14
,2007-11-15
,2007-11-16
,2007-11-17
28.18613862291485,2007-11-18
29.488336842105298,2007-11-19
30.83390741794119,2007-11-20
,2007-11-21
,2007-11-22
,2007-11-23
,2007-11-24
28.807082043500245,2007-11-25
31.215941611662718,2007-11-26
30.024280360800024,2007-11-27
,2007-11-28
30.15802807260259,2007-11-29
,2007-11-30
27.87076088118105,2007-12-01
,2007-12-02
31.747314803527203,2007-12-03
14.669642933276515,2007-12-04
,2007-12-05
28.178415048244524,2007-12-06
,2007-12-07
28.375089441704457,2007-12-08
,2007-12-09
30.908868749293426,2007-12-10
28.283513513513533,2007-12-11
32.36150888219639,2007-12-12
,2007-12-13
,2007-12-14
28.308831350958332,2007-12-15
,2007-12-16
32.25052927024861,2007-12-17
,2007-12-18
32.08190187385361,2007-12-19
28.010683351469027,2007-12-20
29.170000000000016,2007-12-21
,2007-12-22
,2007-12-23
28.119511693279645,2007-12-24
,2007-12-25
28.11762100926882,2007-12-26
34.440908014212425,2007-12-27
29.02408506175224,2007-12-28
30.364186608966623,2007-12-29
26.315248700816653,2007-12-30
16.343429665071785,2007-12-31
,2008-01-01
33.710830653204134,2008-01-02
30.86175026333767,2008-01-03
29.73158331104577,2008-01-04
,2008-01-05
30.854505813953505,2008-01-06
30.641467615154248,2008-01-07
30.915716183307513,2008-01-08
,2008-01-09
,2008-01-10
25.910000000000025,2008-01-11
,2008-01-12
27.189489403443584,2008-01-13
29.4003596527491,2008-01-14
,2008-01-15
,2008-01-16
,2008-01-17
33.53898301440559,2008-01-18
27.899112691532878,2008-01-19
31.886685787169036,2008-01-20
,2008-01-21
27.456236839325346,2008-01-22
32.38247561939294,2008-01-23
,2008-01-24
35.54521621326558,2008-01-25
,2008-01-26
,2008-01-27
,2008-01-28
32.902116839287835,2008-01-29
29.69740342229864,2008-01-30
,2008-01-31
29.438843547406584,2008-02-01
,2008-02-02
31.723000000000035,2008-02-03
25.587966627861892,2008-02-04
34.56738076313817,2008-02-05
,2008-02-06
,2008-02-07
35.06217030788387,2008-02-08
,2008-02-09
32.17537590113288,2008-02-10
,2008-02-11
,2008-02-12
,2008-02-13
33.63221237154949,2008-02-14
33.04278173286952,2008-02-15
,2008-02-16
,2008-02-17
,2008-02-18
,2008-02-19
,2008-02-20
,2008-02-21
33.50431451998383,2008-02-22
,2008-02-23
,2008-02-24
,2008-02-25
34.06919457397206,2008-02-26
,2008-02-27
29.16107313617853,2008-02-28
12.690000000000055,2008-02-29
36.127166399400735,2008-03-01
33.904710483617094,2008-03-02
,2008-03-03
37.16812680598898,2008-03-04
,2008-03-05
,2008-03-06
,2008-03-07
36.24300647514823,2008-03-08
,2008-03-09
,2008-03-10
,2008-03-11
,2008-03-12
,2008-03-13
,2008-03-14
32.61158934283824,2008-03-15
,2008-03-16
,2008-03-17
24.112373684210553,2008-03-18
,2008-03-19
32.13642374011627,2008-03-20
,2008-03-21
38.89451816146054,2008-03-22
,2008-03-23
,2008-03-24
,2008-03-25
30.199463377023935,2008-03-26
,2008-03-27
,2008-03-28
,2008-03-29
,2008-03-30
35.53177146720761,2008-03-31
,2008-04-01
,2008-04-02
,2008-04-03
,2008-04-04
,2008-04-05
,2008-04-06
,2008-04-07
,2008-04-08
,2008-04-09
,2008-04-10
,2008-04-11
,2008-04-12
,2008-04-13
,2008-04-14
,2008-04-15
,2008-04-16
,2008-04-17
,2008-04-18
,2008-04-19
,2008-04-20
,2008-04-21
,2008-04-22
,2008-04-23
,2008-04-24
,2008-04-25
,2008-04-26
,2008-04-27
,2008-04-28
,2008-04-29
30.773773315827654,2008-04-30
,2008-05-01
,2008-05-02
,2008-05-03
,2008-05-04
,2008-05-05
,2008-05-06
,2008-05-07
,2008-05-08
28.19068958063126,2008-05-09
,2008-05-10
29.360225721277722,2008-05-11
,2008-05-12
,2008-05-13
28.590000000000032,2008-05-14
,2008-05-15
,2008-05-16
,2008-05-17
,2008-05-18
,2008-05-19
,2008-05-20
,2008-05-21
,2008-05-22
,2008-05-23
,2008-05-24
26.91048403734301,2008-05-25
,2008-05-26
,2008-05-27
,2008-05-28
,2008-05-29
,2008-05-30
,2008-05-31
,2008-06-01
,2008-06-02
,2008-06-03
,2008-06-04
,2008-06-05
,2008-06-06
,2008-06-07
,2008-06-08
,2008-06-09
,2008-06-10
,2008-06-11
29.563683878882145,2008-06-12
,2008-06-13
,2008-06-14
,2008-06-15
,2008-06-16
,2008-06-17
,2008-06-18
28.315262750238354,2008-06-19
27.148133937263914,2008-06-20
,2008-06-21
,2008-06-22
27.102760204434034,2008-06-23
,2008-06-24
,2008-06-25
27.38175411841095,2008-06-26
,2008-06-27
,2008-06-28
,2008-06-29
,2008-06-30
,2008-07-01
,2008-07-02
,2008-07-03
,2008-07-04
,2008-07-05
,2008-07-06
,2008-07-07
,2008-07-08
,2008-07-09
,2008-07-10
,2008-07-11
,2008-07-12
24.772237246465906,2008-07-13
27.847842104107688,2008-07-14
,2008-07-15
,2008-07-16
29.326383455278503,2008-07-17
24.910000000000025,2008-07-18
,2008-07-19
,2008-07-20
21.308928571428584,2008-07-21
,2008-07-22
,2008-07-23
,2008-07-24
,2008-07-25
26.39770068245042,2008-07-26
,2008-07-27
,2008-07-28
,2008-07-29
26.210839326174792,2008-07-30
26.381953998644548,2008-07-31
,2008-08-01
,2008-08-02
,2008-08-03
29.206550752516304,2008-08-04
,2008-08-05
,2008-08-06
27.07361038574042,2008-08-07
,2008-08-08
26.643615023474194,2008-08-09
,2008-08-10
,2008-08-11
,2008-08-12
,2008-08-13
,2008-08-14
27.944287685937745,2008-08-15
26.25324027402822,2008-08-16
26.797739936146172,2008-08-17
27.652082591669664,2008-08-18
,2008-08-19
27.302629256414075,2008-08-20
,2008-08-21
,2008-08-22
23.79000945402983,2008-08-23
,2008-08-24
27.22934938643207,2008-08-25
,2008-08-26
28.602560110805754,2008-08-27
,2008-08-28
28.007861629606545,2008-08-29
,2008-08-30
,2008-08-31
,2008-09-01
,2008-09-02
18.988882586980477,2008-09-03
,2008-09-04
31.31584090454409,2008-09-05
,2008-09-06
31.72317870554453,2008-09-07
,2008-09-08
,2008-09-09
,2008-09-10
28.983026761986764,2008-09-11
28.31905315330715,2008-09-12
,2008-09-13
30.72420814479642,2008-09-14
,2008-09-15
,2008-09-16
,2008-09-17
29.63822775465465,2008-09-18
,2008-09-19
,2008-09-20
31.721333557592196,2008-09-21
,2008-09-22
25.647352330587182,2008-09-23
25.014238602506026,2008-09-24
,2008-09-25
,2008-09-26
26.833413425095955,2008-09-27
31.005067446998396,2008-09-28
,2008-09-29
,2008-09-30
,2008-10-01
31.13390458715602,2008-10-02
,2008-10-03
28.452593910340454,2008-10-04
,2008-10-05
,2008-10-06
,2008-10-07
,2008-10-08
31.621367952030955,2008-10-09
,2008-10-10
,2008-10-11
19.763420199051893,2008-10-12
,2008-10-13
,2008-10-14
,2008-10-15
31.580640655106,2008-10-16
,2008-10-17
30.542002969867614,2008-10-18
,2008-10-19
,2008-10-20
22.523160054719593,2008-10-21
,2008-10-22
,2008-10-23
,2008-10-24
29.139903660383286,2008-10-25
,2008-10-26
,2008-10-27
,2008-10-28
29.563566062787945,2008-10-29
31.055847570349457,2008-10-30
,2008-10-31
,2008-11-01
,2008-11-02
,2008-11-03
,2008-11-04
28.628426912008777,2008-11-05
29.93124838180311,2008-11-06
27.95486900996598,2008-11-07
30.766270611311253,2008-11-08
,2008-11-09
31.556621211263973,2008-11-10
26.27393284135226,2008-11-11
29.467161405295347,2008-11-12
,2008-11-13
,2008-11-14
29.181955887311588,2008-11-15
,2008-11-16
29.28968226228245,2008-11-17
,2008-11-18
25.411535776614347,2008-11-19
26.28097560975611,2008-11-20
,2008-11-21
,2008-11-22
,2008-11-23
,2008-11-24
,2008-11-25
,2008-11-26
23.07000000000005,2008-11-27
27.650000000000034,2008-11-28
27.736897477384773,2008-11-29
28.89524832971105,2008-11-30
28.361041553032226,2008-12-01
,2008-12-02
30.528172745285108,2008-12-03
17.155957616953238,2008-12-04
24.48455002216641,2008-12-05
29.701901171557857,2008-12-06
,2008-12-07
28.876396155899656,2008-12-08
30.387174012645502,2008-12-09
28.67616196205464,2008-12-10
,2008-12-11
9.791556802244076,2008-12-12
,2008-12-13
28.7021785860052,2008-12-14
28.39458899277559,2008-12-15
27.668564824194632,2008-12-16
24.95539447517509,2008-12-17
,2008-12-18
29.319777038269574,2008-12-19
,2008-12-20
,2008-12-23
27.519480938906817,2008-12-24
29.76513333718983,2008-12-25
29.596049184235476,2008-12-26
,2008-12-27
30.71449791537698,2008-12-28
25.26443190601334,2008-12-29
30.351278414585817,2008-12-30
30.52303140762094,2008-12-31
,2009-01-01
,2009-01-02
,2009-01-03
32.249753727392296,2009-01-04
,2009-01-05
,2009-01-06
,2009-01-07
,2009-01-08
30.68459549088032,2009-01-09
,2009-01-10
33.53771552301445,2009-01-11
,2009-01-12
,2009-01-13
29.638893140683127,2009-01-14
,2009-01-15
32.86329074879402,2009-01-16
,2009-01-17
34.08037328119579,2009-01-18
,2009-01-19
,2009-01-20
,2009-01-21
28.885537964098596,2009-01-22
,2009-01-23
,2009-01-24
25.039905105947085,2009-01-25
30.122184771169323,2009-01-26
32.51971954331517,2009-01-27
,2009-01-28
32.52826605637598,2009-01-29
16.370000000000005,2009-01-30
,2009-01-31
,2009-02-01
,2009-02-02
30.382264569325844,2009-02-03
,2009-02-04
28.037010023632988,2009-02-05
,2009-02-06
28.266317762615316,2009-02-07
30.74912319994163,2009-02-08
27.71527027027032,2009-02-09
33.087266077108076,2009-02-10
,2009-02-11
,2009-02-12
,2009-02-13
,2009-02-14
,2009-02-15
33.71782505910164,2009-02-16
32.44597045144438,2009-02-17
,2009-02-18
,2009-02-19
,2009-02-20
33.67143053099426,2009-02-21
,2009-02-22
34.02197294629167,2009-02-23
,2009-02-24
,2009-02-25
32.41967766336675,2009-02-26
30.930000000000007,2009-02-27
35.00229590017829,2009-02-28
,2009-03-01
,2009-03-02
,2009-03-03
,2009-03-04
28.431622816047025,2009-03-05
,2009-03-06
31.05164044776125,2009-03-07
,2009-03-08
16.66915072083882,2009-03-09
,2009-03-10
,2009-03-11
,2009-03-12
,2009-03-13
32.529248274098734,2009-03-14
,2009-03-15
,2009-03-16
,2009-03-17
,2009-03-18
,2009-03-19
,2009-03-20
,2009-03-21
,2009-03-22
,2009-03-23
,2009-03-24
,2009-03-25
,2009-03-26
,2009-03-27
,2009-03-28
,2009-03-29
33.47489518368957,2009-03-30
,2009-03-31
,2009-04-01
,2009-04-02
32.146317146857264,2009-04-03
,2009-04-04
31.817346615665613,2009-04-05
31.156957157370464,2009-04-06
,2009-04-07
,2009-04-08
,2009-04-09
,2009-04-10
,2009-04-11
,2009-04-12
,2009-04-13
,2009-04-14
,2009-04-15
,2009-04-16
,2009-04-17
,2009-04-18
,2009-04-19
,2009-04-20
,2009-04-21
,2009-04-22
,2009-04-23
32.79572719391839,2009-04-24
,2009-04-25
,2009-04-26
,2009-04-27
,2009-04-28
,2009-04-29
,2009-04-30
,2009-05-01
,2009-05-02
25.106470588235332,2009-05-03
,2009-05-04
29.442893627889188,2009-05-05
,2009-05-06
,2009-05-07
26.13496911735408,2009-05-08
24.121678716450457,2009-05-09
,2009-05-10
,2009-05-11
25.56104996156806,2009-05-12
,2009-05-13
,2009-05-14
,2009-05-15
24.25570341753345,2009-05-16
,2009-05-17
,2009-05-18
,2009-05-19
,2009-05-20
,2009-05-21
,2009-05-22
24.881764705882375,2009-05-23
,2009-05-24
,2009-05-25
31.39063632464885,2009-05-26
,2009-05-27
,2009-05-28
,2009-05-29
29.187497062019123,2009-05-30
28.149086917360968,2009-05-31
29.924520198118522,2009-06-01
30.322139209359168,2009-06-02
,2009-06-03
,2009-06-04
,2009-06-05
27.65295064183696,2009-06-06
,2009-06-07
,2009-06-08
,2009-06-09
,2009-06-10
25.84792882919925,2009-06-11
,2009-06-12
,2009-06-13
,2009-06-14
29.227127828076455,2009-06-15
27.730000000000018,2009-06-16
25.159209942329127,2009-06-17
,2009-06-18
,2009-06-19
,2009-06-20
,2009-06-21
29.579069077725638,2009-06-22
,2009-06-23
,2009-06-24
,2009-06-25
26.790540540540565,2009-06-26
24.771834538051216,2009-06-27
,2009-06-28
,2009-06-29
,2009-06-30
,2009-07-01
,2009-07-02
,2009-07-03
,2009-07-04
23.332504347826116,2009-07-05
,2009-07-06
,2009-07-07
,2009-07-08
,2009-07-09
,2009-07-10
,2009-07-11
26.07244986664035,2009-07-12
29.671360952438626,2009-07-13
,2009-07-14
,2009-07-15
,2009-07-16
,2009-07-17
,2009-07-18
,2009-07-19
,2009-07-20
,2009-07-21
,2009-07-22
,2009-07-23
29.33785218261379,2009-07-24
27.593819502421102,2009-07-25
,2009-07-26
,2009-07-27
27.51960209698562,2009-07-28
,2009-07-29
,2009-07-30
24.70846153846157,2009-07-31
,2009-08-01
30.72148445965216,2009-08-02
27.45913224059272,2009-08-03
,2009-08-04
,2009-08-05
,2009-08-06
,2009-08-07
,2009-08-08
,2009-08-09
29.6439113120224,2009-08-10
,2009-08-11
,2009-08-12
,2009-08-13
25.304231724761003,2009-08-14
,2009-08-15
28.087041207411552,2009-08-16
,2009-08-17
29.541362872318988,2009-08-18
28.654705680811585,2009-08-19
24.89359098228667,2009-08-20
,2009-08-21
23.476262806236104,2009-08-22
29.615519069356512,2009-08-23
,2009-08-24
30.160551622513434,2009-08-25
,2009-08-26
,2009-08-27
,2009-08-28
,2009-08-29
,2009-08-30
,2009-08-31
31.65631148413184,2009-09-01
,2009-09-02
,2009-09-03
,2009-09-04
24.384943598729617,2009-09-05
31.386097868612264,2009-09-06
,2009-09-07
30.291863583647455,2009-09-08
,2009-09-09
29.34647812111825,2009-09-10
,2009-09-11
31.687938117858568,2009-09-12
28.1797757749257,2009-09-13
15.527710084033629,2009-09-14
,2009-09-15
,2009-09-16
,2009-09-17
27.41575220889001,2009-09-18
32.77468173259341,2009-09-19
,2009-09-20
31.02340562182003,2009-09-21
27.98132749942474,2009-09-22
29.538499531835253,2009-09-23
33.08830060105708,2009-09-24
,2009-09-25
26.504905357050273,2009-09-26
,2009-09-27
29.737074334413844,2009-09-28
27.261040668006842,2009-09-29
31.331937838734685,2009-09-30
26.325329723038866,2009-10-01
,2009-10-02
,2009-10-03
,2009-10-04
26.924744027303788,2009-10-05
29.59974417867896,2009-10-06
,2009-10-07
,2009-10-08
16.24933870089685,2009-10-09
31.090217659691493,2009-10-10
,2009-10-11
29.181814634146367,2009-10-12
,2009-10-13
,2009-10-14
,2009-10-15
,2009-10-16
31.2981934661701,2009-10-17
,2009-10-18
,2009-10-19
,2009-10-20
31.851309036381007,2009-10-21
29.112352328909736,2009-10-22
,2009-10-23
,2009-10-24
,2009-10-25
31.646043716862863,2009-10-26
,2009-10-27
29.493352103345508,2009-10-28
31.59950303648419,2009-10-29
,2009-10-30
9.990000000000009,2009-10-31
,2009-11-01
29.61032132018215,2009-11-02
,2009-11-03
30.30213129869534,2009-11-04
,2009-11-05
31.59718761427238,2009-11-06
19.550873740922956,2009-11-07
,2009-11-08
30.2798137144476,2009-11-09
25.644575301239172,2009-11-10
31.950273335171662,2009-11-11
,2009-11-12
32.772945431647514,2009-11-13
,2009-11-14
30.762030496788636,2009-11-15
29.18069241079334,2009-11-16
,2009-11-17
16.02698795180725,2009-11-18
,2009-11-19
30.85217938925196,2009-11-20
,2009-11-21
,2009-11-22
,2009-11-23
27.683350425543182,2009-11-24
30.118360349449492,2009-11-25
,2009-11-26
31.894953559111705,2009-11-27
,2009-11-28
,2009-11-29
,2009-11-30
31.016942888934594,2009-12-01
30.582173807984027,2009-12-02
29.611705150399498,2009-12-03
31.82983699696652,2009-12-04
,2009-12-05
28.98326859848121,2009-12-06
29.83156716042226,2009-12-07
30.684149968275957,2009-12-08
29.315531591560017,2009-12-09
29.890953580605988,2009-12-10
29.679131550018372,2009-12-11
,2009-12-12
30.73135715581352,2009-12-13
,2009-12-14
32.78376304769053,2009-12-15
30.77243401672468,2009-12-16
32.63067291666671,2009-12-17
,2009-12-18
,2009-12-19
31.574724016349982,2009-12-20
,2009-12-21
,2009-12-22
,2009-12-23
,2009-12-24
,2009-12-25
24.511815154038324,2009-12-26
31.685629213483143,2009-12-27
25.54931257400714,2009-12-28
31.977675992910925,2009-12-29
,2009-12-30
32.66998489253749,2009-12-31
31.346430551752462,2010-01-01
32.89242097372163,2010-01-02
32.90191682344223,2010-01-03
33.60393210193255,2010-01-04
33.50064352089392,2010-01-05
,2010-01-06
34.75428605837429,2010-01-07
,2010-01-08
33.17869044139146,2010-01-09
30.75308421317101,2010-01-10
,2010-01-11
34.44687884656509,2010-01-12
31.393324435410264,2010-01-13
34.82590880644263,2010-01-14
,2010-01-15
,2010-01-16
29.845274516026674,2010-01-17
30.566871064583196,2010-01-18
,2010-01-19
32.97206020953293,2010-01-20
35.23828327917449,2010-01-21
,2010-01-22
35.50531475128637,2010-01-23
,2010-01-24
,2010-01-25
,2010-01-26
,2010-01-27
33.85804465400088,2010-01-28
31.090723706243534,2010-01-29
34.48555320349468,2010-01-30
,2010-01-31
33.11293977633092,2010-02-01
15.13337783022349,2010-02-02
,2010-02-03
,2010-02-04
,2010-02-05
36.171555865143546,2010-02-06
,2010-02-07
37.92135386351818,2010-02-08
,2010-02-09
37.95341789594053,2010-02-10
34.412818396337066,2010-02-11
35.16578646619018,2010-02-12
37.98675502122856,2010-02-13
,2010-02-14
,2010-02-15
,2010-02-16
35.62643204548358,2010-02-17
,2010-02-18
,2010-02-19
,2010-02-20
,2010-02-21
,2010-02-22
,2010-02-23
,2010-02-24
22.84182068901046,2010-02-25
,2010-02-26
29.406305759806408,2010-02-27
29.230000000000018,2010-02-28
26.486614585463645,2010-03-01
,2010-03-02
,2010-03-03
,2010-03-04
,2010-03-05
,2010-03-06
,2010-03-07
,2010-03-08
,2010-03-09
,2010-03-10
,2010-03-11
21.890000000000043,2010-03-12
,2010-03-13
32.35560653936729,2010-03-14
28.798301103277765,2010-03-15
,2010-03-16
,2010-03-17
,2010-03-18
31.663595093576163,2010-03-19
,2010-03-20
31.50412683784678,2010-03-21
30.234179429151112,2010-03-22
31.87065168707077,2010-03-23
30.474792802537543,2010-03-24
25.66656138206269,2010-03-25
,2010-03-26
,2010-03-27
,2010-03-28
,2010-03-29
,2010-03-30
,2010-03-31
,2010-04-01
,2010-04-02
,2010-04-03
,2010-04-04
,2010-04-05
,2010-04-06
,2010-04-07
,2010-04-08
,2010-04-09
,2010-04-10
,2010-04-11
,2010-04-12
,2010-04-13
,2010-04-14
29.053312272640266,2010-04-15
,2010-04-16
21.819073724007584,2010-04-17
28.021728740252108,2010-04-18
,2010-04-19
30.71611719227208,2010-04-20
,2010-04-21
31.807334146064072,2010-04-22
,2010-04-23
,2010-04-24
,2010-04-25
,2010-04-26
,2010-04-27
,2010-04-28
,2010-04-29
,2010-04-30
28.71663001570758,2010-05-01
,2010-05-02
,2010-05-03
,2010-05-04
,2010-05-05
,2010-05-06
,2010-05-07
,2010-05-08
,2010-05-09
,2010-05-10
,2010-05-11
,2010-05-12
,2010-05-13
,2010-05-14
7.727142857142886,2010-05-15
,2010-05-16
27.70856242118542,2010-05-17
27.73376597468986,2010-05-18
26.775022057946856,2010-05-19
,2010-05-20
,2010-05-21
,2010-05-22
,2010-05-23
30.610671218945253,2010-05-24
,2010-05-25
,2010-05-26
,2010-05-27
,2010-05-28
23.796536719576764,2010-05-29
,2010-05-30
,2010-05-31
,2010-06-01
,2010-06-02
,2010-06-03
,2010-06-04
27.58543531979079,2010-06-05
,2010-06-06
28.455853507828838,2010-06-07
,2010-06-08
,2010-06-09
,2010-06-10
,2010-06-11
,2010-06-12
24.074831493317863,2010-06-13
28.483930409607602,2010-06-14
,2010-06-15
,2010-06-16
,2010-06-17
,2010-06-18
27.49484489068459,2010-06-19
,2010-06-20
27.158179789607892,2010-06-21
,2010-06-22
25.07222222222225,2010-06-23
,2010-06-24
,2010-06-25
,2010-06-26
,2010-06-27
,2010-06-28
,2010-06-29
26.765880893300285,2010-06-30
,2010-07-01
,2010-07-02
,2010-07-03
27.83227433520374,2010-07-04
28.78202579258465,2010-07-05
,2010-07-06
12.780833333333355,2010-07-07
,2010-07-08
,2010-07-09
,2010-07-10
,2010-07-11
29.967726246861,2010-07-12
26.054446812289143,2010-07-13
,2010-07-14
,2010-07-15
,2010-07-16
,2010-07-17
,2010-07-18
,2010-07-19
18.958511736710527,2010-07-20
,2010-07-21
27.529591114223468,2010-07-22
26.808535791757073,2010-07-23
,2010-07-24
,2010-07-25
,2010-07-26
,2010-07-27
,2010-07-28
,2010-07-29
,2010-07-30
,2010-07-31
,2010-08-01
,2010-08-02
,2010-08-03
,2010-08-04
,2010-08-05
,2010-08-06
,2010-08-07
21.672354788069104,2010-08-08
,2010-08-09
25.46882352941179,2010-08-10
,2010-08-11
,2010-08-12
28.8333867270392,2010-08-13
,2010-08-14
,2010-08-15
,2010-08-16
24.053833056410113,2010-08-17
,2010-08-18
,2010-08-19
,2010-08-20
,2010-08-21
,2010-08-22
23.648616038433136,2010-08-23
,2010-08-24
,2010-08-25
,2010-08-26
,2010-08-27
30.614426943699748,2010-08-28
,2010-08-29
,2010-08-30
31.94185955786738,2010-08-31
,2010-09-01
,2010-09-02
,2010-09-03
29.910153015873043,2010-09-04
,2010-09-05
26.506277533039682,2010-09-06
,2010-09-07
,2010-09-08
30.51370349367313,2010-09-09
29.50406618800034,2010-09-10
23.4105361429715,2010-09-11
,2010-09-12
,2010-09-13
,2010-09-14
,2010-09-15
30.48459578984612,2010-09-16
,2010-09-17
24.753773847829983,2010-09-18
,2010-09-19
,2010-09-20
,2010-09-21
28.010941626059044,2010-09-22
,2010-09-23
,2010-09-24
30.132810291207253,2010-09-25
26.445163593334037,2010-09-26
,2010-09-27
,2010-09-28
33.16980908971383,2010-09-29
,2010-09-30
32.53080202555748,2010-10-01
,2010-10-02
,2010-10-03
,2010-10-04
,2010-10-05
31.207197261522793,2010-10-06
21.73329627327766,2010-10-07
31.58183363548468,2010-10-08
30.55000000000001,2010-10-09
30.163828696346915,2010-10-10
28.950449693745178,2010-10-11
,2010-10-12
29.71669607535125,2010-10-13
,2010-10-14
,2010-10-15
,2010-10-16
,2010-10-17
28.44947423360076,2010-10-18
,2010-10-19
,2010-10-20
,2010-10-21
30.127454039938183,2010-10-22
,2010-10-23
,2010-10-24
25.96564558527914,2010-10-25
,2010-10-26
29.180942325061313,2010-10-27
,2010-10-28
30.59566981692156,2010-10-29
,2010-10-30
30.233238953878253,2010-10-31
,2010-11-01
24.430284552845553,2010-11-02
,2010-11-03
,2010-11-04
,2010-11-05
,2010-11-06
,2010-11-07
27.248165137614667,2010-11-08
,2010-11-09
,2010-11-10
,2010-11-11
,2010-11-12
,2010-11-13
27.308948937015742,2010-11-14
,2010-11-15
28.914114356214544,2010-11-16
,2010-11-17
,2010-11-18
28.42647545496902,2010-11-19
28.652869763483896,2010-11-20
,2010-11-21
,2010-11-22
,2010-11-23
,2010-11-24
,2010-11-25
27.11415302218824,2010-11-26
,2010-11-27
28.973846153846193,2010-11-28
,2010-11-29
,2010-11-30
,2010-12-01
,2010-12-02
,2010-12-03
,2010-12-04
10.410885142255047,2010-12-05
,2010-12-06
,2010-12-07
,2010-12-08
31.119115160183966,2010-12-09
17.44553403843293,2010-12-10
29.783815937189786,2010-12-11
,2010-12-12
,2010-12-13
26.821337542367278,2010-12-14
,2010-12-15
23.813822427212486,2010-12-16
,2010-12-17
27.734274691358056,2010-12-18
28.201137974155905,2010-12-19
31.060913448735057,2010-12-20
27.842813213166785,2010-12-21
,2010-12-22
27.85157115669278,2010-12-23
,2010-12-24
26.623574586540062,2010-12-25
,2010-12-26
28.39590774738772,2010-12-27
22.467445154372044,2010-12-28
28.745971555860194,2010-12-29
29.586832404806284,2010-12-30
28.35311258339424,2010-12-31
28.005755324889677,2011-01-01
,2011-01-02
28.75396735245061,2011-01-03
28.345825036357574,2011-01-04
29.30881379253327,2011-01-05
,2011-01-06
,2011-01-07
,2011-01-08
,2011-01-09
,2011-01-10
,2011-01-11
28.528618424796164,2011-01-12
24.57434611968359,2011-01-13
26.24905755140631,2011-01-14
28.54701580026005,2011-01-15
25.606260869565247,2011-01-16
27.392748386669755,2011-01-17
,2011-01-18
29.25163152806038,2011-01-19
27.366313130134078,2011-01-20
32.85056129210016,2011-01-21
29.406679650464582,2011-01-22
,2011-01-23
30.14451265329878,2011-01-24
,2011-01-25
32.08998475635865,2011-01-26
16.03106594399278,2011-01-27
31.70971444650569,2011-01-28
22.300914729915128,2011-01-29
32.257298549857985,2011-01-30
28.76442385500767,2011-01-31
,2011-02-01
33.24829560871121,2011-02-02
,2011-02-03
32.76962089633762,2011-02-04
25.773478260869624,2011-02-05
33.19002580431254,2011-02-06
34.00182301431959,2011-02-07
,2011-02-08
,2011-02-09
,2011-02-10
,2011-02-11
,2011-02-12
,2011-02-13
,2011-02-14
,2011-02-15
26.098649180327904,2011-02-16
,2011-02-17
33.455146564993626,2011-02-18
,2011-02-19
27.557389830508505,2011-02-20
26.05341403931879,2011-02-21
33.22714548821585,2011-02-22
31.814279915809713,2011-02-23
,2011-02-24
,2011-02-25
,2011-02-26
,2011-02-27
,2011-02-28
26.830000000000048,2011-03-01
,2011-03-02
,2011-03-03
,2011-03-04
,2011-03-05
,2011-03-06
,2011-03-07
33.41564401221307,2011-03-08
,2011-03-09
,2011-03-10
27.886351071051454,2011-03-11
,2011-03-12
30.762228984086416,2011-03-13
,2011-03-14
33.33246554005955,2011-03-15
,2011-03-16
,2011-03-17
,2011-03-18
,2011-03-19
,2011-03-20
,2011-03-21
30.68934847963072,2011-03-22
,2011-03-23
,2011-03-24
,2011-03-25
,2011-03-26
30.383952838660406,2011-03-27
,2011-03-28
33.325252775954496,2011-03-29
,2011-03-30
29.966822991267403,2011-03-31
,2011-04-01
27.81897602509526,2011-04-02
,2011-04-03
,2011-04-04
28.031768300515704,2011-04-05
,2011-04-06
25.850000000000023,2011-04-07
,2011-04-08
,2011-04-09
,2011-04-10
,2011-04-11
,2011-04-12
26.450338893858895,2011-04-13
,2011-04-14
,2011-04-15
,2011-04-16
,2011-04-17
,2011-04-18
,2011-04-19
,2011-04-20
,2011-04-21
,2011-04-22
,2011-04-23
,2011-04-24
,2011-04-25
23.624496529195607,2011-04-26
,2011-04-27
,2011-04-28
25.794842349603485,2011-04-29
30.14932730356136,2011-04-30
,2011-05-01
,2011-05-02
,2011-05-03
,2011-05-04
,2011-05-05
,2011-05-06
,2011-05-07
,2011-05-08
25.927299105747014,2011-05-09
,2011-05-10
,2011-05-11
,2011-05-12
,2011-05-13
,2011-05-14
,2011-05-15
,2011-05-16
,2011-05-17
,2011-05-18
,2011-05-19
28.8525501547061,2011-05-20
,2011-05-21
,2011-05-22
,2011-05-23
22.376063893912,2011-05-24
27.51352462936397,2011-05-25
,2011-05-26
29.471341375865034,2011-05-27
,2011-05-28
,2011-05-29
,2011-05-30
,2011-05-31
,2011-06-01
,2011-06-02
,2011-06-03
,2011-06-04
,2011-06-05
28.380297723826708,2011-06-06
,2011-06-07
19.410000000000032,2011-06-08
23.279192909487065,2011-06-09
29.453910146636666,2011-06-10
,2011-06-11
,2011-06-12
,2011-06-13
,2011-06-14
,2011-06-15
,2011-06-16
,2011-06-17
,2011-06-18
,2011-06-19
,2011-06-20
26.85917111143148,2011-06-21
,2011-06-22
,2011-06-23
,2011-06-24
,2011-06-25
,2011-06-26
,2011-06-27
,2011-06-28
26.66780319934634,2011-06-29
,2011-06-30
17.09658531935178,2011-07-01
,2011-07-02
29.335914372954385,2011-07-03
,2011-07-04
,2011-07-05
,2011-07-06
,2011-07-07
,2011-07-08
,2011-07-09
,2011-07-10
,2011-07-11
26.019917627944768,2011-07-12
,2011-07-13
,2011-07-14
,2011-07-15
,2011-07-16
,2011-07-17
,2011-07-18
29.346163262539413,2011-07-19
,2011-07-20
,2011-07-21
,2011-07-22
,2011-07-23
,2011-07-24
,2011-07-25
,2011-07-26
,2011-07-27
26.240374793976244,2011-07-28
,2011-07-29
,2011-07-30
28.43154840795219,2011-07-31
29.065943869007413,2011-08-01
26.52400027658695,2011-08-02
25.677064300008716,2011-08-03
,2011-08-04
,2011-08-05
28.45013774233745,2011-08-06
,2011-08-07
30.11317824235799,2011-08-08
,2011-08-09
,2011-08-10
28.767243589155115,2011-08-11
,2011-08-12
23.1310974960043,2011-08-13
,2011-08-14
,2011-08-15
35.229217877094996,2011-08-16
27.333469689115134,2011-08-17
,2011-08-18
,2011-08-19
,2011-08-20
,2011-08-21
,2011-08-22
,2011-08-23
,2011-08-24
29.80727391166191,2011-08-25
,2011-08-26
30.342355888520686,2011-08-27
,2011-08-28
31.201431705979175,2011-08-29
,2011-08-30
32.91751637855173,2011-08-31
,2011-09-01
22.803513488415312,2011-09-02
28.04017123287673,2011-09-03
27.882513630381684,2011-09-04
31.351127453058137,2011-09-05
,2011-09-06
,2011-09-07
,2011-09-08
30.839749484198368,2011-09-09
23.592630979498892,2011-09-10
,2011-09-11
,2011-09-12
23.674602591036432,2011-09-13
,2011-09-14
,2011-09-15
,2011-09-16
27.085442631214185,2011-09-17
18.306586151368787,2011-09-18
,2011-09-19
,2011-09-20
,2011-09-21
,2011-09-22
31.731869468308442,2011-09-23
,2011-09-24
,2011-09-25
,2011-09-26
25.708816034617517,2011-09-27
,2011-09-28
,2011-09-29
23.534468085106408,2011-09-30
,2011-10-01
27.67520430476356,2011-10-02
,2011-10-03
,2011-10-04
,2011-10-05
,2011-10-06
23.758947368421076,2011-10-07
,2011-10-08
28.59924763071371,2011-10-09
,2011-10-10
31.357128109724993,2011-10-11
14.684515277253892,2011-10-12
,2011-10-13
27.211642312864228,2011-10-14
32.64730337078656,2011-10-15
,2011-10-16
,2011-10-17
,2011-10-18
,2011-10-19
,2011-10-20
28.923603984459273,2011-10-21
27.738746875223217,2011-10-22
31.436421276194082,2011-10-23
,2011-10-24
29.02161447573631,2011-10-25
,2011-10-26
,2011-10-27
,2011-10-28
,2011-10-29
,2011-10-30
20.034653867568547,2011-10-31
30.58355593062792,2011-11-01
,2011-11-02
,2011-11-03
,2011-11-04
28.257625653058906,2011-11-05
,2011-11-06
,2011-11-07
29.57423759139408,2011-11-08
,2011-11-09
29.583242180157512,2011-11-10
,2011-11-11
,2011-11-12
,2011-11-13
25.76028758754289,2011-11-14
28.63573957463001,2011-11-15
,2011-11-16
,2011-11-17
,2011-11-18
29.028043379341753,2011-11-19
,2011-11-20
22.626211445515917,2011-11-21
,2011-11-22
,2011-11-23
,2011-11-24
,2011-11-25
29.3360060897857,2011-11-26
,2011-11-27
,2011-11-28
26.218912126215397,2011-11-29
,2011-11-30
23.251818181818212,2011-12-01
,2011-12-02
28.151644968491027,2011-12-03
,2011-12-04
34.02603686635947,2011-12-05
,2011-12-06
,2011-12-07
,2011-12-08
28.648371629653028,2011-12-09
29.98018392349149,2011-12-10
,2011-12-11
27.46048520674996,2011-12-12
,2011-12-13
27.850269573998954,2011-12-14
28.06166472739858,2011-12-15
27.70112395400641,2011-12-16
,2011-12-17
26.875280340667153,2011-12-18
29.786026966346885,2011-12-19
,2011-12-20
30.331905667935132,2011-12-21
27.697705466313387,2011-12-22
,2011-12-23
,2011-12-24
27.068771739691407,2011-12-25
28.403385611680214,2011-12-26
,2011-12-27
,2011-12-28
,2011-12-29
30.06236427660402,2011-12-30
30.302048428897468,2011-12-31
29.3086564710571,2012-01-01
29.82402529722471,2012-01-02
,2012-01-03
27.93476271888234,2012-01-04
,2012-01-05
29.19439696836559,2012-01-06
25.933431232091724,2012-01-07
32.07097294437832,2012-01-08
29.984669032125108,2012-01-09
27.424630326945472,2012-01-10
28.752143327377023,2012-01-11
,2012-01-12
29.971718425545646,2012-01-13
,2012-01-14
33.08852739267964,2012-01-15
25.50868845642054,2012-01-16
30.576280215449312,2012-01-17
25.810000000000002,2012-01-18
34.49000000000001,2012-01-19
,2012-01-20
,2012-01-21
32.26183964031468,2012-01-22
32.18694215409387,2012-01-23
32.67996268049514,2012-01-24
20.950192153723012,2012-01-25
,2012-01-26
32.57107386485806,2012-01-27
,2012-01-28
30.799841393251434,2012-01-29
,2012-01-30
33.17215273426205,2012-01-31
,2012-02-01
,2012-02-02
21.087427652733155,2012-02-03
26.32595379078138,2012-02-04
13.123663366336672,2012-02-05
,2012-02-06
27.130000000000052,2012-02-07
,2012-02-08
,2012-02-09
23.450376687988676,2012-02-10
27.35191396065424,2012-02-11
31.30755385841644,2012-02-12
,2012-02-13
31.23992693382039,2012-02-14
11.770000000000039,2012-02-15
32.86166049380713,2012-02-16
31.56987106074311,2012-02-17
27.00388655876146,2012-02-18
28.59162521987514,2012-02-19
32.95967741935487,2012-02-20
33.55161702484479,2012-02-21
,2012-02-22
,2012-02-23
,2012-02-24
,2012-02-25
,2012-02-26
28.813728926450043,2012-02-27
31.8893676939772,2012-02-28
,2012-02-29
35.34881267708254,2012-03-01
,2012-03-02
,2012-03-03
,2012-03-04
,2012-03-05
32.40650419184243,2012-03-06
,2012-03-07
34.04070155953307,2012-03-08
,2012-03-09
,2012-03-10
,2012-03-11
,2012-03-12
,2012-03-13
,2012-03-14
,2012-03-15
,2012-03-16
31.551322439381824,2012-03-17
,2012-03-18
,2012-03-19
,2012-03-20
,2012-03-21
,2012-03-22
,2012-03-23
,2012-03-24
,2012-03-25
,2012-03-26
,2012-03-27
,2012-03-28
,2012-03-29
,2012-03-30
,2012-03-31
,2012-04-01
,2012-04-02
,2012-04-03
,2012-04-04
,2012-04-05
,2012-04-06
,2012-04-07
,2012-04-08
,2012-04-09
,2012-04-10
,2012-04-11
,2012-04-12
,2012-04-13
,2012-04-14
,2012-04-15
,2012-04-16
,2012-04-17
28.03753026634385,2012-04-18
,2012-04-19
,2012-04-20
,2012-04-21
25.413980058163705,2012-04-22
,2012-04-23
23.395572052401775,2012-04-24
29.64450386672316,2012-04-25
,2012-04-26
28.23862261737442,2012-04-27
,2012-04-28
,2012-04-29
,2012-04-30
,2012-05-01
,2012-05-02
,2012-05-03
29.462195121951247,2012-05-04
,2012-05-05
,2012-05-06
,2012-05-07
,2012-05-08
26.836315789473716,2012-05-09
,2012-05-10
,2012-05-11
,2012-05-12
,2012-05-13
,2012-05-14
29.751889585510316,2012-05-15
26.774569004696303,2012-05-16
,2012-05-17
,2012-05-18
,2012-05-19
,2012-05-20
,2012-05-21
26.953249903735106,2012-05-22
27.949961336647366,2012-05-23
,2012-05-24
25.492413322413352,2012-05-25
,2012-05-26
27.247331923312405,2012-05-27
,2012-05-28
,2012-05-29
34.82097511768666,2012-05-30
,2012-05-31
,2012-06-01
,2012-06-02
,2012-06-03
,2012-06-04
22.014148219441807,2012-06-05
,2012-06-06
24.756759098786855,2012-06-07
,2012-06-08
,2012-06-09
,2012-06-10
,2012-06-11
,2012-06-12
,2012-06-13
,2012-06-14
,2012-06-15
,2012-06-16
26.01139304390126,2012-06-17
,2012-06-18
29.833244255695078,2012-06-19
,2012-06-20
25.676304000000027,2012-06-21
27.278778324546018,2012-06-22
,2012-06-23
20.938699872876484,2012-06-24
25.92197779824899,2012-06-25
26.057978462335022,2012-06-26
,2012-06-27
26.65406133625412,2012-06-28
,2012-06-29
,2012-06-30
,2012-07-01
26.279978805063912,2012-07-02
,2012-07-03
,2012-07-04
,2012-07-05
,2012-07-06
26.108042449641776,2012-07-07
,2012-07-08
26.823957920973566,2012-07-09
,2012-07-10
,2012-07-11
,2012-07-12
,2012-07-13
25.827973447443515,2012-07-14
,2012-07-15
,2012-07-16
,2012-07-17
,2012-07-18
,2012-07-19
,2012-07-20
,2012-07-21
,2012-07-22
29.299016477857908,2012-07-23
,2012-07-24
27.1445010453446,2012-07-25
,2012-07-26
,2012-07-27
,2012-07-28
,2012-07-29
,2012-07-30
,2012-07-31
,2012-08-01
28.46367954250791,2012-08-02
23.20333333333336,2012-08-03
23.67337840246481,2012-08-04
,2012-08-05
14.042500000000027,2012-08-06
,2012-08-07
30.480339742816525,2012-08-08
,2012-08-09
,2012-08-10
,2012-08-11
23.430405948553087,2012-08-12
,2012-08-13
,2012-08-14
,2012-08-15
,2012-08-16
,2012-08-17
,2012-08-18
30.523778948639777,2012-08-19
,2012-08-20
,2012-08-21
,2012-08-22
,2012-08-23
,2012-08-24
,2012-08-25
,2012-08-26
,2012-08-27
26.29780893515191,2012-08-28
,2012-08-29
,2012-08-30
,2012-08-31
,2012-09-01
30.911744543249828,2012-09-02
,2012-09-03
,2012-09-04
,2012-09-05
,2012-09-06
32.488623244290324,2012-09-07
,2012-09-08
32.82456239703459,2012-09-09
,2012-09-10
,2012-09-11
,2012-09-12
,2012-09-13
30.847605765940827,2012-09-14
,2012-09-15
30.268548465660054,2012-09-16
,2012-09-17
31.627278658647725,2012-09-18
29.787849854397788,2012-09-19
30.702795946916755,2012-09-20
,2012-09-21
,2012-09-22
27.27000000000004,2012-09-23
,2012-09-24
,2012-09-25
,2012-09-26
,2012-09-27
,2012-09-28
,2012-09-29
,2012-09-30
,2012-10-01
26.926666666666705,2012-10-02
,2012-10-03
30.33961695797698,2012-10-04
,2012-10-05
,2012-10-06
,2012-10-07
,2012-10-08
30.888402537867776,2012-10-09
,2012-10-10
31.219181110298287,2012-10-11
,2012-10-12
29.210912583574565,2012-10-13
22.96110419906689,2012-10-14
25.22740516605169,2012-10-15
,2012-10-16
,2012-10-17
,2012-10-18
,2012-10-19
26.246354679802987,2012-10-20
,2012-10-21
,2012-10-22
,2012-10-23
,2012-10-24
,2012-10-25
,2012-10-26
32.563711576894804,2012-10-27
30.126110696197358,2012-10-28
31.48735325699724,2012-10-29
,2012-10-30
28.870805280528078,2012-10-31
26.729329180084136,2012-11-01
,2012-11-02
28.592954676266547,2012-11-03
,2012-11-04
,2012-11-05
22.324428658910023,2012-11-06
30.97085698899915,2012-11-07
26.451786295878758,2012-11-08
,2012-11-09
30.639619586592634,2012-11-10
,2012-11-11
30.616751747400663,2012-11-12
,2012-11-13
,2012-11-14
,2012-11-15
,2012-11-16
22.904542694497188,2012-11-17
,2012-11-18
29.122886457311846,2012-11-19
,2012-11-20
27.190310188499186,2012-11-21
,2012-11-22
27.591795918367374,2012-11-23
29.9027085887094,2012-11-24
30.246548023085566,2012-11-25
27.95501535200937,2012-11-26
,2012-11-27
28.569089409165983,2012-11-28
,2012-11-29
30.142812185540034,2012-11-30
15.911107189299676,2012-12-01
,2012-12-02
28.396070913111977,2012-12-03
,2012-12-04
30.337844416881232,2012-12-05
,2012-12-06
30.02138334998626,2012-12-07
27.590000000000032,2012-12-08
30.894416552354816,2012-12-09
,2012-12-10
27.618597337770375,2012-12-11
27.394104466079465,2012-12-12
,2012-12-13
,2012-12-14
,2012-12-15
30.408832236555057,2012-12-16
29.801210881242127,2012-12-17
29.286101635101804,2012-12-18
,2012-12-19
25.792043749719298,2012-12-20
28.686164042008887,2012-12-21
,2012-12-22
,2012-12-23
,2012-12-24
27.12823543928927,2012-12-25
,2012-12-26
,2012-12-27
30.323465181282508,2012-12-28
,2012-12-29
31.956957772149064,2012-12-30
27.13557597144882,2012-12-31
30.089908800897234,2013-01-01
29.50656325085219,2013-01-02
27.987727672535943,2013-01-03
28.551031500364186,2013-01-04
,2013-01-05
31.05251846294959,2013-01-06
,2013-01-07
31.216873219403404,2013-01-08
,2013-01-09
,2013-01-10
28.32651357783067,2013-01-11
30.27000000000004,2013-01-12
31.622700587084196,2013-01-13
,2013-01-14
32.01789000301247,2013-01-15
,2013-01-16
31.115681383110005,2013-01-17
26.625619946091696,2013-01-18
,2013-01-19
,2013-01-20
,2013-01-21
31.719577624564547,2013-01-22
,2013-01-23
,2013-01-24
31.194224673797404,2013-01-25
31.805368223371794,2013-01-26
30.116294816963062,2013-01-27
,2013-01-28
31.592192803454648,2013-01-29
,2013-01-30
33.400730327829166,2013-01-31
,2013-02-01
33.09761614623002,2013-02-02
25.42570258570259,2013-02-03
,2013-02-04
,2013-02-05
,2013-02-06
34.25720348967588,2013-02-07
,2013-02-08
,2013-02-09
,2013-02-10
,2013-02-11
,2013-02-12
,2013-02-13
34.779906005837724,2013-02-14
,2013-02-15
,2013-02-16
,2013-02-17
,2013-02-18
,2013-02-19
,2013-02-20
,2013-02-21
,2013-02-22
35.151256651636274,2013-02-23
,2013-02-24
29.633143812709065,2013-02-25
,2013-02-26
,2013-02-27
,2013-02-28
,2013-03-01
34.60248775309762,2013-03-02
,2013-03-03
,2013-03-04
,2013-03-05
,2013-03-06
,2013-03-07
,2013-03-08
27.171238903521644,2013-03-09
,2013-03-10
32.541214894432876,2013-03-11
,2013-03-12
31.804112635469572,2013-03-13
,2013-03-14
,2013-03-15
,2013-03-16
,2013-03-17
,2013-03-18
,2013-03-19
30.33162071591774,2013-03-20
,2013-03-21
,2013-03-22
,2013-03-23
25.556788965737308,2013-03-24
25.989445279029677,2013-03-25
,2013-03-26
32.652450924549534,2013-03-27
,2013-03-28
,2013-03-29
,2013-03-30
,2013-03-31
,2013-04-01
,2013-04-02
28.42239203163019,2013-04-03
,2013-04-04
32.08366797701847,2013-04-05
,2013-04-06
,2013-04-07
,2013-04-08
,2013-04-09
29.169087047063744,2013-04-10
,2013-04-11
32.212500420767874,2013-04-12
,2013-04-13
,2013-04-14
,2013-04-15
,2013-04-16
,2013-04-17
,2013-04-18
,2013-04-19
,2013-04-20
,2013-04-21
,2013-04-22
,2013-04-23
,2013-04-24
,2013-04-25
30.803258400237922,2013-04-26
25.351353354285475,2013-04-27
27.654094281270712,2013-04-28
,2013-04-29
30.60878508177872,2013-04-30
,2013-05-01
,2013-05-02
,2013-05-03
,2013-05-04
,2013-05-05
,2013-05-06
,2013-05-07
,2013-05-08
,2013-05-09
25.75924281984336,2013-05-10
,2013-05-11
30.129392507790488,2013-05-12
,2013-05-13
,2013-05-14
,2013-05-15
,2013-05-16
,2013-05-17
,2013-05-18
,2013-05-19
,2013-05-20
,2013-05-21
,2013-05-22
,2013-05-23
,2013-05-24
29.593181921276823,2013-05-25
,2013-05-26
,2013-05-27
,2013-05-28
,2013-05-29
28.076557601448336,2013-05-30
,2013-05-31
26.694269662921407,2013-06-01
,2013-06-02
22.513851444291646,2013-06-03
22.51656740914423,2013-06-04
26.852838998505362,2013-06-05
,2013-06-06
,2013-06-07
,2013-06-08
,2013-06-09
,2013-06-10
,2013-06-11
,2013-06-12
24.101687657430762,2013-06-13
,2013-06-14
,2013-06-15
,2013-06-16
27.629155360325733,2013-06-17
,2013-06-18
,2013-06-19
,2013-06-20
,2013-06-21
28.58806387085806,2013-06-22
,2013-06-23
,2013-06-24
25.854362422894148,2013-06-25
28.965282020069957,2013-06-26
,2013-06-27
,2013-06-28
28.7071496342759,2013-06-29
,2013-06-30
,2013-07-01
,2013-07-02
27.428354152121432,2013-07-03
21.807631747777503,2013-07-04
,2013-07-05
,2013-07-06
27.81588060774975,2013-07-07
24.255203820172405,2013-07-08
,2013-07-09
,2013-07-10
,2013-07-11
,2013-07-12
,2013-07-13
,2013-07-14
,2013-07-15
,2013-07-16
,2013-07-17
,2013-07-18
,2013-07-19
,2013-07-20
,2013-07-21
28.52640420304133,2013-07-22
,2013-07-23
28.888412722557316,2013-07-24
,2013-07-25
,2013-07-26
,2013-07-27
,2013-07-28
,2013-07-29
,2013-07-30
24.36489173563091,2013-07-31
,2013-08-01
,2013-08-02
,2013-08-03
,2013-08-04
,2013-08-05
26.906863826457034,2013-08-06
,2013-08-07
,2013-08-08
,2013-08-09
,2013-08-10
,2013-08-11
15.876854887153554,2013-08-12
,2013-08-13
27.411891815349808,2013-08-14
,2013-08-15
23.061152741889206,2013-08-16
,2013-08-17
,2013-08-18
,2013-08-19
,2013-08-20
,2013-08-21
29.739622175058916,2013-08-22
,2013-08-23
,2013-08-24
,2013-08-25
,2013-08-26
,2013-08-27
,2013-08-28
,2013-08-29
,2013-08-30
28.296946542840207,2013-08-31
29.06769911504429,2013-09-01
28.446859520106845,2013-09-02
29.14470029905087,2013-09-03
,2013-09-04
24.089510204081666,2013-09-05
,2013-09-06
30.63846896551728,2013-09-07
27.14640000000002,2013-09-08
,2013-09-09
,2013-09-10
,2013-09-11
30.561180494650085,2013-09-12
,2013-09-13
,2013-09-14
24.584615384615407,2013-09-15
,2013-09-16
,2013-09-17
,2013-09-18
,2013-09-19
,2013-09-20
31.913889792501337,2013-09-21
,2013-09-22
29.690987233105915,2013-09-23
,2013-09-24
,2013-09-25
,2013-09-26
,2013-09-27
27.041755186219884,2013-09-28
,2013-09-29
32.02489912756372,2013-09-30
27.86776830135041,2013-10-01
29.504482459822118,2013-10-02
,2013-10-03
,2013-10-04
30.272519004405385,2013-10-05
,2013-10-06
29.75557680746363,2013-10-07
,2013-10-08
24.219636463481624,2013-10-09
,2013-10-10
,2013-10-11
,2013-10-12
,2013-10-13
,2013-10-14
,2013-10-15
,2013-10-16
,2013-10-17
24.66256524707243,2013-10-18
29.71102403979426,2013-10-19
,2013-10-20
29.559550882522405,2013-10-21
,2013-10-22
27.21848814050337,2013-10-23
,2013-10-24
29.49051185871139,2013-10-25
32.09758040573976,2013-10-26
,2013-10-27
32.135483437281245,2013-10-28
,2013-10-29
29.12800911630645,2013-10-30
,2013-10-31
29.044202486576538,2013-11-01
,2013-11-02
,2013-11-03
,2013-11-04
,2013-11-05
,2013-11-06
,2013-11-07
29.461489994195574,2013-11-08
,2013-11-09
,2013-11-10
,2013-11-11
,2013-11-12
,2013-11-13
,2013-11-14
,2013-11-15
,2013-11-16
24.20023809523815,2013-11-17
,2013-11-18
,2013-11-19
29.196951883300706,2013-11-20
12.04631336405531,2013-11-21
29.589156393275594,2013-11-22
,2013-11-23
29.83376563770601,2013-11-24
,2013-11-25
,2013-11-26
27.047071659731888,2013-11-27
,2013-11-28
27.341194968553484,2013-11-29
,2013-11-30
30.148816199760187,2013-12-01
,2013-12-02
27.73676981483475,2013-12-03
,2013-12-04
27.75672315400539,2013-12-05
28.28973901996111,2013-12-06
,2013-12-07
,2013-12-08
,2013-12-09
30.826399162098397,2013-12-10
,2013-12-11
,2013-12-12
25.84383171436076,2013-12-13
27.822651455190968,2013-12-14
,2013-12-15
,2013-12-16
28.80321512162431,2013-12-17
,2013-12-18
26.658336172797465,2013-12-19
28.679698958794994,2013-12-20
28.919797191305058,2013-12-21
30.119660790264927,2013-12-22
,2013-12-23
24.635236328440108,2013-12-24
,2013-12-25
30.579486005190084,2013-12-26
,2013-12-27
29.968818469718897,2013-12-28
29.72721729511917,2013-12-29
29.25769315917647,2013-12-30
25.87340019382033,2013-12-31
,2014-01-01
31.664527768136086,2014-01-02
,2014-01-03
29.901850679329925,2014-01-04
29.141593314763277,2014-01-05
31.351660000000035,2014-01-06
,2014-01-07
28.890955056179823,2014-01-08
28.357153738232558,2014-01-09
,2014-01-10
32.81229100471469,2014-01-11
32.31739828604711,2014-01-12
32.11352121077106,2014-01-13
25.076464499433968,2014-01-14
,2014-01-15
,2014-01-16
,2014-01-17
,2014-01-18
,2014-01-19
31.33032028510754,2014-01-20
30.346141666666703,2014-01-21
31.685137848257813,2014-01-22
33.0334213427052,2014-01-23
28.14187363748846,2014-01-24
31.776068660889468,2014-01-25
,2014-01-26
33.31612485439461,2014-01-27
32.41831224556753,2014-01-28
32.248704433220716,2014-01-29
33.34677234862617,2014-01-30
,2014-01-31
32.58781578363904,2014-02-01
,2014-02-02
36.69162582820403,2014-02-03
,2014-02-04
,2014-02-05
10.79000000000002,2014-02-06
,2014-02-07
34.390945646635494,2014-02-08
,2014-02-09
34.467645539600525,2014-02-10
,2014-02-11
,2014-02-12
,2014-02-13
30.83067134400353,2014-02-14
34.59357517852107,2014-02-15
30.794716990500206,2014-02-16
36.48138595450307,2014-02-17
,2014-02-18
33.75615384615387,2014-02-19
,2014-02-20
,2014-02-21
,2014-02-22
,2014-02-23
34.30527577366122,2014-02-24
,2014-02-25
,2014-02-26
,2014-02-27
,2014-02-28
,2014-03-01
,2014-03-02
28.9218449197861,2014-03-03
,2014-03-04
30.641233333333364,2014-03-05
,2014-03-06
34.7083794929851,2014-03-07
,2014-03-08
,2014-03-09
,2014-03-10
,2014-03-11
30.62013654952522,2014-03-12
,2014-03-13
,2014-03-14
,2014-03-15
,2014-03-16
,2014-03-17
,2014-03-18
,2014-03-19
,2014-03-20
,2014-03-21
,2014-03-22
,2014-03-23
,2014-03-24
,2014-03-25
,2014-03-26
,2014-03-27
24.338946698713453,2014-03-28
31.303653484300643,2014-03-29
30.70990968865127,2014-03-30
,2014-03-31
30.083111694077328,2014-04-01
,2014-04-02
,2014-04-03
25.974130321459622,2014-04-04
,2014-04-05
,2014-04-06
,2014-04-07
29.95838988941551,2014-04-08
16.64505120659214,2014-04-09
31.489463148497205,2014-04-10
,2014-04-11
,2014-04-12
33.02547094013677,2014-04-13
,2014-04-14
,2014-04-15
,2014-04-16
,2014-04-17
,2014-04-18
,2014-04-19
,2014-04-20
,2014-04-21
,2014-04-22
,2014-04-23
,2014-04-24
,2014-04-25
,2014-04-26
27.677141867313345,2014-04-27
,2014-04-28
20.42166666666669,2014-04-29
,2014-04-30
25.690146943059585,2014-05-01
,2014-05-02
29.800116665254283,2014-05-03
,2014-05-04
26.436185962939113,2014-05-05
27.578863146551765,2014-05-06
,2014-05-07
,2014-05-08
,2014-05-09
,2014-05-10
,2014-05-11
,2014-05-12
,2014-05-13
,2014-05-14
,2014-05-15
,2014-05-16
,2014-05-17
,2014-05-18
,2014-05-19
,2014-05-20
29.901480165087587,2014-05-21
26.528407024363183,2014-05-22
,2014-05-23
28.91215567357356,2014-05-24
,2014-05-25
26.842210288298496,2014-05-26
,2014-05-27
,2014-05-28
,2014-05-29
,2014-05-30
,2014-05-31
,2014-06-01
,2014-06-02
,2014-06-03
27.077088607594956,2014-06-04
,2014-06-05
,2014-06-06
,2014-06-07
,2014-06-08
26.151676293158808,2014-06-09
,2014-06-10
16.01953510436437,2014-06-11
,2014-06-12
,2014-06-13
,2014-06-14
,2014-06-15
,2014-06-16
,2014-06-17
,2014-06-18
,2014-06-19
,2014-06-20
,2014-06-21
,2014-06-22
,2014-06-23
,2014-06-24
,2014-06-25
,2014-06-26
25.305645618056296,2014-06-27
,2014-06-28
,2014-06-29
,2014-06-30
,2014-07-01
,2014-07-02
,2014-07-03
,2014-07-04
,2014-07-05
27.53581657480513,2014-07-06
,2014-07-07
,2014-07-08
,2014-07-09
,2014-07-10
,2014-07-11
,2014-07-12
,2014-07-13
,2014-07-14
,2014-07-15
,2014-07-16
,2014-07-17
29.046764825281848,2014-07-18
,2014-07-19
,2014-07-20
,2014-07-21
,2014-07-22
,2014-07-23
26.949222954035896,2014-07-24
27.691723379144946,2014-07-25
,2014-07-26
,2014-07-27
,2014-07-28
,2014-07-29
,2014-07-30
29.988000000000014,2014-07-31
,2014-08-01
,2014-08-02
,2014-08-03
,2014-08-04
26.790329942942233,2014-08-05
,2014-08-06
,2014-08-07
,2014-08-08
28.48315163160366,2014-08-09
,2014-08-10
,2014-08-11
,2014-08-12
,2014-08-13
,2014-08-14
,2014-08-15
,2014-08-16
,2014-08-17
,2014-08-18
,2014-08-19
,2014-08-20
29.649591303844886,2014-08-21
,2014-08-22
,2014-08-23
29.243842482100256,2014-08-24
,2014-08-25
,2014-08-26
,2014-08-27
,2014-08-28
,2014-08-29
32.50541536970531,2014-08-30
27.037677190048075,2014-08-31
30.334216073429793,2014-09-01
,2014-09-02
,2014-09-03
28.10539258397432,2014-09-04
30.090216283021814,2014-09-05
,2014-09-06
,2014-09-07
,2014-09-08
29.326873907987384,2014-09-09
,2014-09-10
,2014-09-11
,2014-09-12
,2014-09-13
,2014-09-14
,2014-09-15
,2014-09-16
,2014-09-17
29.237669998734706,2014-09-18
,2014-09-19
,2014-09-20
,2014-09-21
27.390219252092802,2014-09-22
,2014-09-23
30.179199929415947,2014-09-24
25.37802521989573,2014-09-25
30.780014162355652,2014-09-26
,2014-09-27
,2014-09-28
31.326468426208645,2014-09-29
,2014-09-30
33.15042665278079,2014-10-01
,2014-10-02
32.38691502463057,2014-10-03
29.35755775146831,2014-10-04
25.948439259855224,2014-10-05
,2014-10-06
,2014-10-07
29.332142857142898,2014-10-08
,2014-10-09
,2014-10-10
,2014-10-11
,2014-10-12
26.601390243902475,2014-10-13
,2014-10-14
27.571336987970177,2014-10-15
,2014-10-16
29.38375385766391,2014-10-17
,2014-10-18
,2014-10-19
,2014-10-20
,2014-10-21
,2014-10-22
24.07817535862722,2014-10-23
28.724102758746586,2014-10-24
,2014-10-25
,2014-10-26
,2014-10-27
,2014-10-28
,2014-10-29
27.60209339263028,2014-10-30
,2014-10-31
,2014-11-01
29.26098879310347,2014-11-02
,2014-11-03
,2014-11-04
32.116416791604244,2014-11-05
,2014-11-06
28.345443592552073,2014-11-07
,2014-11-08
,2014-11-09
,2014-11-10
,2014-11-11
,2014-11-12
28.62693097636503,2014-11-13
,2014-11-14
,2014-11-15
,2014-11-16
,2014-11-17
29.173507864759777,2014-11-18
,2014-11-19
28.467724656927867,2014-11-20
,2014-11-21
28.085011944353408,2014-11-22
28.399058176884697,2014-11-23
,2014-11-24
23.137121951219566,2014-11-25
,2014-11-26
28.06271502376528,2014-11-27
26.652365480488267,2014-11-28
,2014-11-29
,2014-11-30
,2014-12-01
29.210882921916557,2014-12-02
,2014-12-03
31.237635154880216,2014-12-04
,2014-12-05
,2014-12-06
29.462134082134135,2014-12-07
29.27775768499315,2014-12-08
,2014-12-09
,2014-12-10
,2014-12-11
,2014-12-12
29.382267459658074,2014-12-13
10.637827236668171,2014-12-14
28.708834023941087,2014-12-15
28.489566619633138,2014-12-16
,2014-12-17
29.92169625268879,2014-12-18
,2014-12-19
29.037766388716964,2014-12-20
,2014-12-21
30.917528984170957,2014-12-22
20.419933693516743,2014-12-23
27.88444444444447,2014-12-24
,2014-12-25
20.562757723406882,2014-12-26
29.68393422417135,2014-12-27
,2014-12-28
32.52646948591811,2014-12-29
,2014-12-30
29.246483507507307,2014-12-31
14.603719694906047,2015-01-01
29.04074257534731,2015-01-02
30.763578789186177,2015-01-03
,2015-01-04
32.287181128099476,2015-01-05
29.93248126696569,2015-01-06
31.844546918651254,2015-01-07
,2015-01-08
,2015-01-09
32.26927137771063,2015-01-10
,2015-01-11
31.208763537500513,2015-01-12
,2015-01-13
32.066795099071534,2015-01-14
,2015-01-15
21.982898529959616,2015-01-16
18.929337211955314,2015-01-17
,2015-01-18
29.618586544487076,2015-01-19
,2015-01-20
,2015-01-21
,2015-01-22
,2015-01-23
25.641959225984838,2015-01-24
28.638662407207406,2015-01-25
,2015-01-26
29.035984784446345,2015-01-27
31.102972040844033,2015-01-28
,2015-01-29
,2015-01-30
,2015-01-31
,2015-02-01
27.977114916409686,2015-02-02
,2015-02-03
30.721704587327856,2015-02-04
,2015-02-05
29.88973845220489,2015-02-06
,2015-02-07
,2015-02-08
,2015-02-09
,2015-02-10
,2015-02-11
,2015-02-12
27.475418356901905,2015-02-13
,2015-02-14
26.242716251638303,2015-02-15
28.812686120267422,2015-02-16
31.425261992559133,2015-02-17
,2015-02-18
,2015-02-19
31.4876537095034,2015-02-20
,2015-02-21
33.311221061232565,2015-02-22
31.53000000000003,2015-02-23
33.992219319319716,2015-02-24
,2015-02-25
,2015-02-26
22.510000000000048,2015-02-27
,2015-02-28
31.930289696887048,2015-03-01
,2015-03-02
35.00430247263529,2015-03-03
35.28347231930927,2015-03-04
32.88699919704154,2015-03-05
,2015-03-06
,2015-03-07
33.21163453803642,2015-03-08
,2015-03-09
,2015-03-10
,2015-03-11
35.45565410338145,2015-03-12
25.487059214903557,2015-03-13
,2015-03-14
34.26058467248476,2015-03-15
,2015-03-16
,2015-03-17
,2015-03-18
,2015-03-19
,2015-03-20
,2015-03-21
9.617259875259903,2015-03-22
,2015-03-23
31.23755415693841,2015-03-24
,2015-03-25
30.077241379310397,2015-03-26
,2015-03-27
,2015-03-28
,2015-03-29
,2015-03-30
,2015-03-31
,2015-04-01
,2015-04-02
,2015-04-03
29.544976958525382,2015-04-04
27.763848439821725,2015-04-05
30.906920508539912,2015-04-06
,2015-04-07
,2015-04-08
,2015-04-09
,2015-04-10
,2015-04-11
,2015-04-12
,2015-04-13
,2015-04-14
,2015-04-15
,2015-04-16
,2015-04-17
27.371252784155207,2015-04-18
,2015-04-19
,2015-04-20
,2015-04-21
,2015-04-22
,2015-04-23
,2015-04-24
,2015-04-25
,2015-04-26
27.84092041309942,2015-04-27
,2015-04-28
28.897947356833598,2015-04-29
,2015-04-30
,2015-05-01
,2015-05-02
26.7993268450933,2015-05-03
31.87232350786402,2015-05-04
,2015-05-05
,2015-05-06
,2015-05-07
,2015-05-08
,2015-05-09
,2015-05-10
29.47560147256163,2015-05-11
,2015-05-12
,2015-05-13
,2015-05-14
,2015-05-15
,2015-05-16
25.150000000000034,2015-05-17
,2015-05-18
,2015-05-19
12.709251428571454,2015-05-20
,2015-05-21
,2015-05-22
,2015-05-23
27.8922590410439,2015-05-24
,2015-05-25
27.61669236987753,2015-05-26
,2015-05-27
,2015-05-28
,2015-05-29
,2015-05-30
,2015-05-31
,2015-06-01
,2015-06-02
,2015-06-03
,2015-06-04
,2015-06-05
,2015-06-06
,2015-06-07
,2015-06-08
,2015-06-09
,2015-06-10
,2015-06-11
,2015-06-12
,2015-06-13
21.450000000000045,2015-06-14
,2015-06-15
,2015-06-16
,2015-06-17
,2015-06-18
,2015-06-19
25.543084536082507,2015-06-20
,2015-06-21
,2015-06-22
,2015-06-23
,2015-06-24
,2015-06-25
,2015-06-26
,2015-06-27
,2015-06-28
,2015-06-29
,2015-06-30
,2015-07-01
29.19524219545307,2015-07-02
,2015-07-03
31.456344827586236,2015-07-04
,2015-07-05
,2015-07-06
,2015-07-07
,2015-07-08
29.571576254255632,2015-07-09
,2015-07-10
,2015-07-11
,2015-07-12
,2015-07-13
26.869333333333362,2015-07-14
,2015-07-15
14.943148614609594,2015-07-16
27.486037838821254,2015-07-17
27.787572180161717,2015-07-18
,2015-07-19
,2015-07-20
,2015-07-21
,2015-07-22
25.782189676362176,2015-07-23
,2015-07-24
28.121519915544415,2015-07-25
,2015-07-26
,2015-07-27
,2015-07-28
,2015-07-29
,2015-07-30
,2015-07-31
,2015-08-01
,2015-08-02
,2015-08-03
,2015-08-04
28.837204406063076,2015-08-05
28.00249344278224,2015-08-06
,2015-08-07
,2015-08-08
,2015-08-09
,2015-08-10
,2015-08-11
29.81531248820145,2015-08-12
,2015-08-13
,2015-08-14
,2015-08-15
,2015-08-16
,2015-08-17
,2015-08-18
,2015-08-19
,2015-08-20
,2015-08-21
,2015-08-22
,2015-08-23
28.17833052117008,2015-08-24
,2015-08-25
,2015-08-26
,2015-08-27
29.435239617208836,2015-08-28
30.70279041490766,2015-08-29
,2015-08-30
,2015-08-31
,2015-09-01
,2015-09-02
,2015-09-03
31.32726978596319,2015-09-04
,2015-09-05
,2015-09-06
,2015-09-07
,2015-09-08
30.646326530612264,2015-09-09
,2015-09-10
,2015-09-11
29.838860443915248,2015-09-12
31.648059689231438,2015-09-13
32.36084262772604,2015-09-14
,2015-09-15
30.97418531446741,2015-09-16
,2015-09-17
,2015-09-18
,2015-09-19
,2015-09-20
30.557719708470366,2015-09-21
27.312078901878124,2015-09-22
,2015-09-23
,2015-09-24
30.771905879446667,2015-09-25
,2015-09-26
33.76741389830719,2015-09-27
31.332132995842656,2015-09-28
,2015-09-29
28.23771138834175,2015-09-30
,2015-10-01
,2015-10-02
,2015-10-03
30.627754578990956,2015-10-04
,2015-10-05
29.622894898167708,2015-10-06
,2015-10-07
29.938005333406686,2015-10-08
,2015-10-09
,2015-10-10
28.01065238247525,2015-10-11
,2015-10-12
30.97328358208958,2015-10-13
,2015-10-14
,2015-10-15
,2015-10-16
,2015-10-17
,2015-10-18
,2015-10-19
31.873285008403272,2015-10-20
,2015-10-21
,2015-10-22
,2015-10-23
,2015-10-24
,2015-10-25
34.48817204301078,2015-10-26
30.553202029603415,2015-10-27
,2015-10-28
29.209800739864388,2015-10-29
,2015-10-30
29.14739292773998,2015-10-31
32.21034704370183,2015-11-01
,2015-11-02
30.178898905009966,2015-11-03
,2015-11-04
24.348743455497416,2015-11-05
,2015-11-06
,2015-11-07
,2015-11-08
,2015-11-09
27.321510352117816,2015-11-10
,2015-11-11
29.484054961516655,2015-11-12
,2015-11-13
,2015-11-14
,2015-11-15
,2015-11-16
,2015-11-17
,2015-11-18
29.18085964912284,2015-11-19
,2015-11-20
30.76206901544406,2015-11-21
,2015-11-22
,2015-11-23
27.879467654298608,2015-11-24
28.94901451438116,2015-11-25
28.74507662751609,2015-11-26
,2015-11-27
30.227419140541322,2015-11-28
,2015-11-29
28.763275461380754,2015-11-30
,2015-12-01
,2015-12-02
,2015-12-03
,2015-12-04
28.632258624012376,2015-12-05
,2015-12-06
18.726444811905775,2015-12-07
,2015-12-08
29.318381874960203,2015-12-09
,2015-12-10
29.62611680928863,2015-12-11
29.414011878226887,2015-12-12
,2015-12-13
,2015-12-14
,2015-12-15
,2015-12-16
,2015-12-17
,2015-12-18
,2015-12-19
29.040238353280614,2015-12-20
29.416760331168764,2015-12-21
,2015-12-22
30.36172475508075,2015-12-23
27.850514568880097,2015-12-24
28.46160306261122,2015-12-25
29.98836679322128,2015-12-26
29.409698414871826,2015-12-27
,2015-12-28
,2015-12-29
,2015-12-30
,2015-12-31
,2016-01-01
,2016-01-02
29.610113666297416,2016-01-03
30.319554113732984,2016-01-04
29.158161096829502,2016-01-05
,2016-01-06
,2016-01-07
31.490443731430915,2016-01-08
28.11731898238749,2016-01-09
19.700006981615118,2016-01-10
29.531289416419416,2016-01-11
24.54879043600564,2016-01-12
25.689796378604473,2016-01-13
,2016-01-14
31.794695547842412,2016-01-15
,2016-01-16
32.9957119890542,2016-01-17
26.603520121209353,2016-01-18
30.91738078771513,2016-01-19
,2016-01-20
,2016-01-21
31.20186882201041,2016-01-22
,2016-01-23
34.03613206295748,2016-01-24
,2016-01-25
33.61380116757846,2016-01-26
32.720049826121645,2016-01-27
32.511644090986806,2016-01-28
33.93224938133861,2016-01-29
24.463068630590275,2016-01-30
31.22295696093915,2016-01-31
,2016-02-01
32.94653989986405,2016-02-02
31.51252943741825,2016-02-03
,2016-02-04
28.11196078431375,2016-02-05
,2016-02-06
,2016-02-07
,2016-02-08
35.54801787310899,2016-02-09
,2016-02-10
33.35763781006575,2016-02-11
,2016-02-12
,2016-02-13
8.557595912213133,2016-02-14
,2016-02-15
,2016-02-16
,2016-02-17
,2016-02-18
,2016-02-28
,2016-02-29
,2016-03-01
,2016-03-02
,2016-03-03
,2016-03-04
22.07354929577468,2016-03-05
,2016-03-06
30.814563195609114,2016-03-07
,2016-03-08
,2016-03-09
37.39756520532271,2016-03-10
,2016-03-11
34.08318135125437,2016-03-12
,2016-03-13
,2016-03-14
,2016-03-15
,2016-03-16
,2016-03-17
,2016-03-18
,2016-03-19
,2016-03-20
28.959222735489078,2016-03-21
,2016-03-22
24.826488215488247,2016-03-23
33.69802109769692,2016-03-24
31.38143157096619,2016-03-25
33.75576444417729,2016-03-26
,2016-03-27
,2016-03-28
,2016-03-29
,2016-03-30
,2016-03-31
,2016-04-01
,2016-04-02
,2016-04-03
,2016-04-04
,2016-04-05
,2016-04-06
31.010000000000048,2016-04-07
,2016-04-08
,2016-04-09
,2016-04-10
17.293352313167283,2016-04-11
,2016-04-12
,2016-04-13
,2016-04-14
,2016-04-15
,2016-04-16
,2016-04-17
30.495389321320452,2016-04-18
,2016-04-19
,2016-04-20
,2016-04-21
,2016-04-22
,2016-04-23
,2016-04-24
28.126090062370036,2016-04-25
,2016-04-26
27.96613389616666,2016-04-27
,2016-04-28
,2016-04-29
,2016-04-30
,2016-05-01
,2016-05-02
,2016-05-03
,2016-05-04
,2016-05-05
25.630000000000035,2016-05-06
,2016-05-07
,2016-05-08
,2016-05-09
,2016-05-10
,2016-05-11
,2016-05-12
,2016-05-13
,2016-05-14
25.01366840786514,2016-05-15
,2016-05-16
28.663765842361588,2016-05-17
,2016-05-18
,2016-05-19
,2016-05-20
,2016-05-21
28.237113798008572,2016-05-22
,2016-05-23
27.08768032584232,2016-05-24
,2016-05-25
,2016-05-26
,2016-05-27
,2016-05-28
,2016-05-29
,2016-05-30
,2016-05-31
,2016-06-01
,2016-06-02
,2016-06-03
27.15690840533794,2016-06-04
28.44897116566599,2016-06-05
,2016-06-06
22.64148230301865,2016-06-07
,2016-06-08
27.073867933473704,2016-06-09
,2016-06-10
26.035814397049386,2016-06-11
15.990000000000009,2016-06-12
,2016-06-13
,2016-06-14
,2016-06-15
,2016-06-16
,2016-06-17
,2016-06-18
,2016-06-19
,2016-06-20
,2016-06-21
,2016-06-22
,2016-06-23
,2016-06-24
27.166925812024648,2016-06-25
,2016-06-26
,2016-06-27
27.315000000000026,2016-06-28
,2016-06-29
,2016-06-30
,2016-07-01
,2016-07-02
,2016-07-03
,2016-07-04
,2016-07-05
,2016-07-06
,2016-07-07
23.995930312001857,2016-07-08
29.501997937443086,2016-07-09
,2016-07-10
24.6212807393098,2016-07-11
,2016-07-12
,2016-07-13
,2016-07-14
,2016-07-15
,2016-07-16
,2016-07-17
,2016-07-18
,2016-07-19
,2016-07-20
,2016-07-21
,2016-07-22
24.976075674838338,2016-07-23
,2016-07-24
22.679049560853237,2016-07-25
,2016-07-26
,2016-07-27
,2016-07-28
,2016-07-29
,2016-07-30
,2016-07-31
,2016-08-01
,2016-08-02
,2016-08-03
,2016-08-04
,2016-08-05
28.420350259367602,2016-08-06
28.86916917408875,2016-08-07
,2016-08-08
,2016-08-09
,2016-08-10
,2016-08-11
33.55685534591198,2016-08-12
26.557672401927075,2016-08-13
,2016-08-14
,2016-08-15
,2016-08-16
,2016-08-17
,2016-08-18
30.296414966718338,2016-08-19
26.981558598840884,2016-08-20
26.60750000000003,2016-08-21
,2016-08-22
25.967034439633686,2016-08-23
27.11710787241667,2016-08-24
,2016-08-25
29.437555087240856,2016-08-26
,2016-08-27
29.37999752898809,2016-08-28
,2016-08-29
,2016-08-30
30.347095628367995,2016-08-31
,2016-09-01
,2016-09-02
,2016-09-03
,2016-09-04
,2016-09-05
29.59851289297071,2016-09-06
,2016-09-07
26.868050025725253,2016-09-08
,2016-09-09
,2016-09-10
,2016-09-11
,2016-09-12
31.51948026219247,2016-09-13
,2016-09-14
27.32317896576379,2016-09-15
29.110504018640185,2016-09-16
25.10447856827222,2016-09-17
,2016-09-18
,2016-09-19
30.299035509996067,2016-09-20
,2016-09-21
29.7016235377526,2016-09-22
,2016-09-23
27.16742599650916,2016-09-24
27.710613498494624,2016-09-25
27.750000000000057,2016-09-26
31.24763308402994,2016-09-27
,2016-09-28
30.84963396952916,2016-09-29
25.76321150533182,2016-09-30
,2016-10-01
,2016-10-02
,2016-10-03
28.219864424389858,2016-10-04
,2016-10-05
30.813365456270972,2016-10-06
,2016-10-07
29.222929868477493,2016-10-08
,2016-10-09
,2016-10-10
26.80471794871798,2016-10-11
,2016-10-12
,2016-10-13
,2016-10-14
28.920465160193906,2016-10-15
,2016-10-16
28.49677556325828,2016-10-17
26.605943256822012,2016-10-18
26.95171850039092,2016-10-19
,2016-10-20
,2016-10-21
30.907649543999927,2016-10-22
,2016-10-23
29.793827691597958,2016-10-24
,2016-10-25
23.62214603174606,2016-10-26
26.58708664898323,2016-10-27
,2016-10-28
,2016-10-29
,2016-10-30
29.392688626487487,2016-10-31
25.056685971153616,2016-11-01
,2016-11-02
27.394946549906322,2016-11-03
,2016-11-04
,2016-11-05
,2016-11-06
29.63588506154969,2016-11-07
11.850000000000023,2016-11-08
28.308428912615952,2016-11-09
,2016-11-10
,2016-11-11
26.648970717884175,2016-11-12
19.54700843530953,2016-11-13
29.57792724920906,2016-11-14
,2016-11-15
31.269809940373484,2016-11-16
,2016-11-17
25.80137525354973,2016-11-18
,2016-11-19
,2016-11-20
28.156752330046654,2016-11-21
,2016-11-22
28.757682570102947,2016-11-23
,2016-11-24
,2016-11-25
27.819499389499434,2016-11-26
,2016-11-27
28.10618684564594,2016-11-28
,2016-11-29
29.287812297075387,2016-11-30
,2016-12-01
,2016-12-02
,2016-12-03
,2016-12-04
,2016-12-05
25.670947872284486,2016-12-06
28.50978751203414,2016-12-07
,2016-12-08
27.717872640627473,2016-12-09
,2016-12-10
29.64924923144209,2016-12-11
27.487223157474283,2016-12-12
,2016-12-13
29.419046607877437,2016-12-14
,2016-12-15
31.98342373607831,2016-12-16
,2016-12-17
30.336657747527042,2016-12-18
24.966916932073357,2016-12-19
,2016-12-20
,2016-12-21
29.571583054843817,2016-12-22
30.37769659172997,2016-12-23
,2016-12-24
27.946173599765416,2016-12-25
,2016-12-26
29.09624731849172,2016-12-27
30.765412119113584,2016-12-28
30.38771728780168,2016-12-29
,2016-12-30
,2016-12-31
26.540982400660006,2017-01-01
,2017-01-02
30.705555999400836,2017-01-03
,2017-01-04
,2017-01-05
,2017-01-06
,2017-01-07
22.488934454959715,2017-01-08
,2017-01-09
29.435176307405587,2017-01-10
,2017-01-11
29.039258718321125,2017-01-12
29.650523029822864,2017-01-13
,2017-01-14
16.362435197817224,2017-01-15
,2017-01-16
22.59646463991706,2017-01-17
,2017-01-18
29.963191683345993,2017-01-19
28.900360573138116,2017-01-20
30.267415223097117,2017-01-21
28.86829445932414,2017-01-22
25.19482640470152,2017-01-23
31.418640571017836,2017-01-24
,2017-01-25
,2017-01-26
,2017-01-27
,2017-01-28
29.654091044679337,2017-01-29
,2017-01-30
,2017-01-31
,2017-02-01
29.12367735328008,2017-02-02
,2017-02-03
31.286368886552864,2017-02-04
26.520222733512526,2017-02-05
32.2025022601647,2017-02-06
32.06087941787335,2017-02-07
30.589702582363447,2017-02-08
31.199622203060425,2017-02-09
,2017-02-10
29.66567406739548,2017-02-11
,2017-02-12
31.150612142336065,2017-02-13
29.8949717889744,2017-02-14
26.27803782625146,2017-02-15
,2017-02-16
,2017-02-17
32.04177268324188,2017-02-18
,2017-02-19
33.50346247438166,2017-02-20
,2017-02-21
,2017-02-22
20.230000000000018,2017-02-23
,2017-02-24
30.338406679764244,2017-02-25
,2017-02-26
,2017-02-27
30.256306178475604,2017-02-28
31.20508982399356,2017-03-01
21.508947772657482,2017-03-02
,2017-03-03
20.95969408565604,2017-03-04
,2017-03-05
28.43875000000003,2017-03-06
,2017-03-07
,2017-03-08
,2017-03-09
,2017-03-10
25.202727272727323,2017-03-11
,2017-03-12
,2017-03-13
,2017-03-14
31.521874104418444,2017-03-15
29.995597699575537,2017-03-16
32.99985954714729,2017-03-17
,2017-03-18
,2017-03-19
,2017-03-20
,2017-03-21
,2017-03-22
,2017-03-23
,2017-03-24
,2017-03-25
,2017-03-26
8.9049736902311,2017-03-27
32.54162416566836,2017-03-28
29.276425672670694,2017-03-29
,2017-03-30
,2017-03-31
,2017-04-01
30.86337285355224,2017-04-02
31.80371062800818,2017-04-03
29.80918548521341,2017-04-04
28.759175422796,2017-04-05
,2017-04-06
26.967984166827595,2017-04-07
,2017-04-08
,2017-04-09
,2017-04-10
,2017-04-11
,2017-04-12
,2017-04-13
,2017-04-14
,2017-04-15
,2017-04-16
,2017-04-17
,2017-04-18
,2017-04-19
,2017-04-20
,2017-04-21
25.23576673179159,2017-04-22
,2017-04-23
,2017-04-24
31.103729219163554,2017-04-25
,2017-04-26
28.932807854826827,2017-04-27
,2017-04-28
,2017-04-29
,2017-04-30
,2017-05-01
,2017-05-02
,2017-05-03
24.44908203089875,2017-05-04
,2017-05-05
,2017-05-06
27.487512045605637,2017-05-07
,2017-05-08
,2017-05-09
,2017-05-10
,2017-05-11
,2017-05-12
,2017-05-13
,2017-05-14
,2017-05-15
25.018483866701942,2017-05-16
,2017-05-17
28.292634070564503,2017-05-18
,2017-05-19
,2017-05-20
,2017-05-21
,2017-05-22
,2017-05-23
,2017-05-24
23.345272727272757,2017-05-25
,2017-05-26
25.73422900315171,2017-05-27
28.746470588235308,2017-05-28
23.741263489208645,2017-05-29
,2017-05-30
,2017-05-31
,2017-06-01
,2017-06-02
29.30129398134035,2017-06-03
,2017-06-04
27.206427544088704,2017-06-05
26.68644954157751,2017-06-06
,2017-06-07
,2017-06-08
,2017-06-09
29.263923694337613,2017-06-10
,2017-06-11
,2017-06-12
,2017-06-13
,2017-06-14
,2017-06-15
26.072069940538093,2017-06-16
,2017-06-17
,2017-06-18
26.6275601339277,2017-06-19
,2017-06-20
,2017-06-21
,2017-06-22
22.882762312633865,2017-06-23
,2017-06-24
,2017-06-25
,2017-06-26
,2017-06-27
28.253891944480056,2017-06-28
,2017-06-29
,2017-06-30
23.22899686092538,2017-07-01
,2017-07-02
,2017-07-03
,2017-07-04
,2017-07-05
,2017-07-06
24.43518036123127,2017-07-07
,2017-07-08
,2017-07-09
19.350000000000023,2017-07-10
,2017-07-11
,2017-07-12
,2017-07-13
23.44124430045599,2017-07-14
25.45939929328625,2017-07-15
27.053593957846857,2017-07-16
,2017-07-17
,2017-07-18
,2017-07-19
,2017-07-20
,2017-07-21
,2017-07-22
,2017-07-23
,2017-07-24
,2017-07-25
,2017-07-26
,2017-07-27
,2017-07-28
,2017-07-29
,2017-07-30
,2017-07-31
,2017-08-01
27.051192293670628,2017-08-02
,2017-08-03
,2017-08-04
,2017-08-05
28.807600758275708,2017-08-06
,2017-08-07
26.856601031967283,2017-08-08
,2017-08-09
,2017-08-10
,2017-08-11
,2017-08-12
30.259579236931465,2017-08-13
,2017-08-14
26.326427396462638,2017-08-15
,2017-08-16
28.66881983848792,2017-08-17
25.507103048696393,2017-08-18
,2017-08-19
,2017-08-20
,2017-08-21
26.657563195146643,2017-08-22
,2017-08-23
25.718173260247877,2017-08-24
,2017-08-25
29.675737403483847,2017-08-26
29.285436700917725,2017-08-27
,2017-08-28
,2017-08-29
,2017-08-30
30.47675563129819,2017-08-31
27.98691040513379,2017-09-01
,2017-09-02
29.697598130841147,2017-09-03
29.25433321206675,2017-09-04
30.133211236459033,2017-09-05
,2017-09-06
32.04441814510928,2017-09-07
,2017-09-08
,2017-09-09
26.93956363636367,2017-09-10
,2017-09-11
,2017-09-12
,2017-09-13
29.406421739986317,2017-09-14
,2017-09-15
28.94433888344762,2017-09-16
,2017-09-17
27.405756818655036,2017-09-18
29.165650717195657,2017-09-19
,2017-09-20
28.65934909006019,2017-09-21
,2017-09-22
,2017-09-23
,2017-09-24
24.51886902018622,2017-09-25
,2017-09-26
29.135354141411057,2017-09-27
,2017-09-28
,2017-09-29
,2017-09-30
,2017-10-01
30.471665520569402,2017-10-02
,2017-10-03
,2017-10-04
,2017-10-05
,2017-10-06
,2017-10-07
,2017-10-08
26.33948321829006,2017-10-09
,2017-10-10
,2017-10-11
27.979214277941047,2017-10-12
,2017-10-13
26.70586649382191,2017-10-14
,2017-10-15
,2017-10-16
,2017-10-17
27.67942383788326,2017-10-18
,2017-10-19
,2017-10-20
27.650242177394947,2017-10-21
,2017-10-22
27.623869790340418,2017-10-23
,2017-10-24
,2017-10-25
,2017-10-26
28.43669643818981,2017-10-27
,2017-10-28
,2017-10-29
27.494894651539735,2017-10-30
,2017-10-31
28.316029311421904,2017-11-01
,2017-11-02
28.660606154697327,2017-11-03
,2017-11-04
,2017-11-05
,2017-11-06
29.198590827708347,2017-11-07
27.07566096513748,2017-11-08
,2017-11-09
28.82881692579959,2017-11-10
,2017-11-11
28.658596284005505,2017-11-12
,2017-11-13
,2017-11-14
26.425080927031306,2017-11-15
,2017-11-16
23.630329254908368,2017-11-17
,2017-11-18
,2017-11-19
,2017-11-20
30.01606408964953,2017-11-21
28.308144393454615,2017-11-22
,2017-11-23
27.285849179989334,2017-11-24
,2017-11-25
26.92437942626628,2017-11-26
,2017-11-27
26.631159967817556,2017-11-28
28.598721913638613,2017-11-29
27.477836513825444,2017-11-30
30.15754730115147,2017-12-01
,2017-12-02
29.800556219155737,2017-12-03
,2017-12-04
29.64072324356549,2017-12-05
27.60482221486676,2017-12-06
,2017-12-07
30.06709988553086,2017-12-08
27.254886109129565,2017-12-09
29.875688563304248,2017-12-10
,2017-12-11
,2017-12-12
10.324676238738757,2017-12-13
,2017-12-14
,2017-12-15
28.410693119035685,2017-12-16
29.920270050745124,2017-12-17
29.395161870003697,2017-12-18
30.88618046887255,2017-12-19
,2017-12-20
31.780875576036905,2017-12-21
25.39604975499436,2017-12-22
31.69858021301549,2017-12-23
28.95564631665832,2017-12-24
,2017-12-25
29.845213815203888,2017-12-26
,2017-12-27
32.094531383302844,2017-12-28
,2017-12-29
27.243226407176227,2017-12-30
28.852637109002856,2017-12-31
,2018-01-01
,2018-01-02
37.31,2018-01-03
29.665130250624944,2018-01-04
,2018-01-05
30.75412690721704,2018-01-06
29.198421368441497,2018-01-07
27.722648954507996,2018-01-08
26.855342251144908,2018-01-09
,2018-01-10
29.803715360818863,2018-01-11
,2018-01-12
28.740646337096432,2018-01-13
27.229322475570072,2018-01-14
31.014248116072455,2018-01-15
,2018-01-16
,2018-01-17
24.970000000000027,2018-01-18
,2018-01-19
29.524010801698097,2018-01-20
,2018-01-21
31.504530074322723,2018-01-22
31.20276276704762,2018-01-23
31.435158338882122,2018-01-24
30.560183109360263,2018-01-25
,2018-01-26
28.841834581485376,2018-01-27
,2018-01-28
31.21220753871188,2018-01-29
32.98073234072025,2018-01-30
33.078109535724224,2018-01-31
25.34401949816209,2018-02-01
20.754127540294345,2018-02-02
10.461620704910818,2018-02-03
,2018-02-04
14.186910021215555,2018-02-05
,2018-02-06
29.656668393828703,2018-02-07
33.47842340829242,2018-02-08
33.18421292438492,2018-02-09
32.96988836636667,2018-02-10
28.617054133505455,2018-02-11
32.37274757382039,2018-02-12
,2018-02-13
34.55280588013567,2018-02-14
,2018-02-15
30.232867435158532,2018-02-16
,2018-02-17
,2018-02-18
28.549937376677995,2018-02-19
28.801461333333386,2018-02-20
28.267929321716487,2018-02-21
,2018-02-22
32.41079417604239,2018-02-23
,2018-02-24
,2018-02-25
32.36310972369824,2018-02-26
28.338947226467678,2018-02-27
29.06912064835782,2018-02-28
,2018-03-01
,2018-03-02
,2018-03-03
30.44707667341639,2018-03-04
,2018-03-05
,2018-03-06
,2018-03-07
,2018-03-08
,2018-03-09
,2018-03-10
31.018913524101148,2018-03-11
30.641140233790384,2018-03-12
34.227201122472586,2018-03-13
33.769599201541666,2018-03-14
,2018-03-15
32.058238590459844,2018-03-16
,2018-03-17
,2018-03-18
,2018-03-19
34.16809012875541,2018-03-20
,2018-03-21
,2018-03-22
,2018-03-23
,2018-03-24
33.06239801431131,2018-03-25
,2018-03-26
34.513284098469754,2018-03-27
,2018-03-28
,2018-03-29
,2018-03-30
,2018-03-31
29.55657552742619,2018-04-01
,2018-04-02
,2018-04-03
,2018-04-04
,2018-04-05
,2018-04-06
,2018-04-07
27.33625541750942,2018-04-08
,2018-04-09
,2018-04-10
,2018-04-11
,2018-04-12
,2018-04-13
,2018-04-14
,2018-04-15
,2018-04-16
,2018-04-17
,2018-04-18
,2018-04-19
,2018-04-20
23.228774165330258,2018-04-21
,2018-04-22
27.46028763193061,2018-04-23
,2018-04-24
,2018-04-25
,2018-04-26
,2018-04-27
24.690923931336272,2018-04-28
,2018-04-29
,2018-04-30
,2018-05-01
,2018-05-02
,2018-05-03
,2018-05-04
,2018-05-05
,2018-05-06
,2018-05-07
,2018-05-08
,2018-05-09
,2018-05-10
26.820607734806664,2018-05-11
,2018-05-12
,2018-05-13
,2018-05-14
,2018-05-15
28.265018813749684,2018-05-16
29.21749330432848,2018-05-17
,2018-05-18
27.773411971410585,2018-05-19
,2018-05-20
,2018-05-21
,2018-05-22
,2018-05-23
,2018-05-24
,2018-05-25
,2018-05-26
,2018-05-27
,2018-05-28
,2018-05-29
22.161332712022407,2018-05-30
32.13000000000005,2018-05-31
,2018-06-01
,2018-06-02
,2018-06-03
,2018-06-04
,2018-06-05
7.816000000000026,2018-06-06
,2018-06-07
,2018-06-08
,2018-06-09
,2018-06-10
,2018-06-11
25.596840217055927,2018-06-12
,2018-06-13
,2018-06-14
,2018-06-15
,2018-06-16
,2018-06-17
,2018-06-18
,2018-06-19
14.805130723122089,2018-06-20
,2018-06-21
24.81021209740772,2018-06-22
,2018-06-23
,2018-06-24
,2018-06-25
,2018-06-26
22.626000000000015,2018-06-27
,2018-06-28
,2018-06-29
,2018-06-30
24.730000000000043,2018-07-01
,2018-07-02
,2018-07-03
,2018-07-04
,2018-07-05
,2018-07-06
,2018-07-07
,2018-07-08
,2018-07-09
,2018-07-10
,2018-07-11
,2018-07-12
,2018-07-13
,2018-07-14
27.76175488789674,2018-07-15
,2018-07-16
25.30333333333337,2018-07-17
,2018-07-18
27.211980198019837,2018-07-19
,2018-07-20
,2018-07-21
24.641794707563868,2018-07-22
,2018-07-23
,2018-07-24
,2018-07-25
,2018-07-26
,2018-07-27
,2018-07-28
14.677826086956548,2018-07-29
,2018-07-30
,2018-07-31
,2018-08-01
27.912362514825322,2018-08-02
25.526008435233827,2018-08-03
26.89325705162326,2018-08-04
15.250000000000057,2018-08-05
29.09035308914184,2018-08-06
,2018-08-07
,2018-08-08
,2018-08-09
27.41160714635994,2018-08-10
,2018-08-11
,2018-08-12
,2018-08-13
,2018-08-14
27.21706984509789,2018-08-15
29.916508094107492,2018-08-16
,2018-08-17
28.04899640424475,2018-08-18
,2018-08-19
,2018-08-20
,2018-08-21
27.209260799036457,2018-08-22
25.526273522655092,2018-08-23
,2018-08-24
25.95127577673909,2018-08-25
,2018-08-26
24.59795072788358,2018-08-27
,2018-08-28
,2018-08-29
28.05944880077419,2018-08-30
22.130000000000052,2018-08-31
27.79251881832988,2018-09-01
,2018-09-02
28.34640428335358,2018-09-03
,2018-09-04
,2018-09-05
,2018-09-06
,2018-09-07
29.127991398987135,2018-09-08
,2018-09-09
27.658113464973265,2018-09-10
,2018-09-11
30.60086137696824,2018-09-12
20.169780541331388,2018-09-13
,2018-09-14
,2018-09-15
,2018-09-16
31.09849587560826,2018-09-17
,2018-09-18
31.768546719530082,2018-09-19
30.109492493269023,2018-09-20
,2018-09-21
,2018-09-22
,2018-09-23
,2018-09-24
,2018-09-25
,2018-09-26
,2018-09-27
28.41249321492155,2018-09-28
30.9781569647452,2018-09-29
,2018-09-30
28.871695117493267,2018-10-01
,2018-10-02
,2018-10-03
,2018-10-04
,2018-10-05
,2018-10-06
29.341635948283763,2018-10-07
28.89141403555365,2018-10-08
,2018-10-09
27.912112739354463,2018-10-10
,2018-10-11
29.09501991858891,2018-10-12
,2018-10-13
28.603971225286013,2018-10-14
24.05549210388448,2018-10-15
27.730500254891847,2018-10-16
30.745264687577762,2018-10-17
,2018-10-18
,2018-10-19
,2018-10-20
,2018-10-21
,2018-10-22
,2018-10-23
,2018-10-24
,2018-10-25
,2018-10-26
,2018-10-27
26.97706713780923,2018-10-28
28.9376965441278,2018-10-29
28.917526820197427,2018-10-30
27.204570552147267,2018-10-31
,2018-11-01
24.251534144334787,2018-11-02
25.003446663833444,2018-11-03
27.437748415060188,2018-11-04
,2018-11-05
30.471356833272836,2018-11-06
,2018-11-07
,2018-11-08
,2018-11-09
,2018-11-10
26.546375523012582,2018-11-11
,2018-11-12
29.322713561626923,2018-11-13
,2018-11-14
27.043997811131977,2018-11-15
,2018-11-16
,2018-11-17
25.429401934916473,2018-11-18
,2018-11-19
28.04373551188731,2018-11-20
,2018-11-21
26.030488011283534,2018-11-22
,2018-11-23
29.292866096383584,2018-11-24
,2018-11-25
15.050000000000011,2018-11-26
,2018-11-27
,2018-11-28
30.301096490951416,2018-11-29
,2018-11-30
28.579229669726747,2018-12-01
28.226404817077437,2018-12-02
,2018-12-03
29.908970531955696,2018-12-04
,2018-12-05
32.427087378640806,2018-12-06
,2018-12-07
30.526706886700545,2018-12-08
28.534184075083267,2018-12-09
,2018-12-10
23.119512721000458,2018-12-11
,2018-12-12
24.788880216313682,2018-12-13
,2018-12-14
31.856398384099982,2018-12-15
27.194631544445304,2018-12-16
32.18165883664451,2018-12-17
30.517876269262498,2018-12-18
,2018-12-19
24.242123496318023,2018-12-20
29.773489301669425,2018-12-21
33.72697139485007,2018-12-22
,2018-12-23
24.8102502272997,2018-12-24
30.845735304080076,2018-12-25
29.173147943759293,2018-12-26
30.991224132905888,2018-12-27
29.231207418622294,2018-12-28
28.412812013910855,2018-12-29
,2018-12-30
33.56009564964069,2018-12-31
25.109670005892763,2019-01-01
32.2486491144334,2019-01-02
,2019-01-03
30.29451805431218,2019-01-04
29.658041310018625,2019-01-05
31.912289935364743,2019-01-06
28.800009239434115,2019-01-07
,2019-01-08
31.557393632847386,2019-01-09
,2019-01-10
,2019-01-11
,2019-01-12
,2019-01-13
33.67836477201753,2019-01-14
,2019-01-15
34.247646644509544,2019-01-16
,2019-01-17
,2019-01-18
,2019-01-19
,2019-01-20
23.388095238095268,2019-01-21
,2019-01-22
34.596432323586114,2019-01-23
,2019-01-24
32.06483832025527,2019-01-25
,2019-01-26
,2019-01-27
34.07107469915997,2019-01-28
,2019-01-29
9.125513307984836,2019-01-30
,2019-01-31
35.15136060230626,2019-02-01
11.130000000000052,2019-02-02
34.76107022953663,2019-02-03
,2019-02-04
,2019-02-05
,2019-02-06
,2019-02-07
33.50634383387902,2019-02-08
,2019-02-09
32.98157034097057,2019-02-10
,2019-02-11
32.63183440912739,2019-02-12
33.18438878960575,2019-02-13
,2019-02-14
35.25298962807747,2019-02-15
,2019-02-16
34.21039634678598,2019-02-17
,2019-02-18
32.05785618261858,2019-02-19
33.19648315981442,2019-02-20
,2019-02-21
32.38507257892871,2019-02-22
,2019-02-23
34.995006985633346,2019-02-24
,2019-02-25
34.91208397206168,2019-02-26
,2019-02-27
35.41147585495402,2019-02-28
,2019-03-01
,2019-03-02
,2019-03-03
,2019-03-04
,2019-03-05
,2019-03-06
,2019-03-07
,2019-03-08
,2019-03-09
,2019-03-10
,2019-03-11
,2019-03-12
,2019-03-13
,2019-03-14
,2019-03-15
,2019-03-16
,2019-03-17
,2019-03-18
,2019-03-19
,2019-03-20
,2019-03-21
,2019-03-22
,2019-03-23
,2019-03-24
,2019-03-25
32.43447264783034,2019-03-26
,2019-03-27
31.4068390132782,2019-03-28
,2019-03-29
,2019-03-30
,2019-03-31
,2019-04-01
,2019-04-02
,2019-04-03
32.0283032650276,2019-04-04
,2019-04-05
33.472253713792014,2019-04-06
,2019-04-07
30.058506506348138,2019-04-08
,2019-04-09
,2019-04-10
,2019-04-11
,2019-04-12
27.24389720111392,2019-04-13
,2019-04-14
,2019-04-15
,2019-04-16
,2019-04-17
,2019-04-18
,2019-04-19
,2019-04-20
,2019-04-21
26.746596501075906,2019-04-22
,2019-04-23
,2019-04-24
,2019-04-25
11.450000000000045,2019-04-26
,2019-04-27
,2019-04-28
,2019-04-29
,2019-04-30
29.5605369048048,2019-05-01
,2019-05-02
,2019-05-03
,2019-05-04
,2019-05-05
,2019-05-06
,2019-05-07
,2019-05-08
,2019-05-09
26.4829073221067,2019-05-10
29.168785190993116,2019-05-11
,2019-05-12
24.494319793681534,2019-05-13
,2019-05-14
,2019-05-15
,2019-05-16
26.192742367611597,2019-05-17
,2019-05-18
,2019-05-19
,2019-05-20
,2019-05-21
,2019-05-22
,2019-05-23
26.761364568802858,2019-05-24
,2019-05-25
26.581735620731028,2019-05-26
,2019-05-27
,2019-05-28
26.082363616545887,2019-05-29
,2019-05-30
27.318459141379037,2019-05-31
,2019-06-01
12.350000000000023,2019-06-02
,2019-06-03
,2019-06-04
27.287134648050998,2019-06-05
,2019-06-06
26.525357256271864,2019-06-07
,2019-06-08
,2019-06-09
,2019-06-10
,2019-06-11
,2019-06-12
,2019-06-13
,2019-06-14
22.53000000000003,2019-06-15
27.926272941176514,2019-06-16
,2019-06-17
,2019-06-18
,2019-06-19
25.109703866862496,2019-06-20
,2019-06-21
,2019-06-22
,2019-06-23
,2019-06-24
,2019-06-25
,2019-06-26
27.69937877543025,2019-06-27
,2019-06-28
,2019-06-29
,2019-06-30
,2019-07-01
,2019-07-02
,2019-07-03
29.658980888884326,2019-07-04
,2019-07-05
22.141943312951554,2019-07-06
25.03849345980268,2019-07-07
,2019-07-08
,2019-07-09
,2019-07-10
7.930900735294151,2019-07-11
,2019-07-12
,2019-07-13
,2019-07-14
27.93859294622506,2019-07-15
,2019-07-16
,2019-07-17
24.24774591774265,2019-07-18
,2019-07-19
25.97943997494474,2019-07-20
,2019-07-21
,2019-07-22
,2019-07-23
,2019-07-24
26.46490082058962,2019-07-25
,2019-07-26
27.005431132749884,2019-07-27
,2019-07-28
,2019-07-29
,2019-07-30
,2019-07-31
26.79076023883612,2019-08-01
,2019-08-02
,2019-08-03
,2019-08-04
,2019-08-05
24.416105881567567,2019-08-06
27.63954608282195,2019-08-07
,2019-08-08
26.785186615186653,2019-08-09
26.430000000000007,2019-08-10
,2019-08-11
29.633175850235975,2019-08-12
,2019-08-13
,2019-08-14
,2019-08-15
,2019-08-16
,2019-08-17
,2019-08-18
,2019-08-19
,2019-08-20
30.984397519078513,2019-08-21
,2019-08-22
,2019-08-23
,2019-08-24
,2019-08-25
,2019-08-26
,2019-08-27
,2019-08-28
,2019-08-29
29.37307547191447,2019-08-30
,2019-08-31
,2019-09-01
25.00716129366645,2019-09-02
,2019-09-03
,2019-09-04
,2019-09-05
29.969837924240714,2019-09-06
25.523380005265597,2019-09-07
29.82928597583306,2019-09-08
30.510000000000048,2019-09-09
26.68935719745462,2019-09-10
29.30422955524868,2019-09-11
,2019-09-12
,2019-09-13
,2019-09-14
26.402826429464696,2019-09-15
24.91259491778779,2019-09-16
25.92578880407128,2019-09-17
,2019-09-18
,2019-09-19
,2019-09-20
,2019-09-21
27.29291870076721,2019-09-22
,2019-09-23
30.611033210332128,2019-09-24
29.59511453810455,2019-09-25
,2019-09-26
,2019-09-27
,2019-09-28
,2019-09-29
17.569743276283635,2019-09-30
30.514373827650925,2019-10-01
,2019-10-02
,2019-10-03
27.254677912753596,2019-10-04
,2019-10-05
30.276044805436122,2019-10-06
,2019-10-07
29.28314392701124,2019-10-08
,2019-10-09
27.676235258235074,2019-10-10
,2019-10-11
,2019-10-12
27.93057084308253,2019-10-13
,2019-10-14
27.950526315789496,2019-10-15
,2019-10-16
29.11826506024099,2019-10-17
,2019-10-18
28.57512195121954,2019-10-19
,2019-10-20
26.049827409939926,2019-10-21
,2019-10-22
,2019-10-23
,2019-10-24
,2019-10-25
28.176621334547267,2019-10-26
,2019-10-27
,2019-10-28
28.614040038302743,2019-10-29
,2019-10-30
,2019-10-31
,2019-11-01
,2019-11-02
27.411635358883874,2019-11-03
23.920894222222252,2019-11-04
28.620373370384577,2019-11-05
,2019-11-06
26.043405510394965,2019-11-07
,2019-11-08
,2019-11-09
22.679961315280504,2019-11-10
27.07334509678113,2019-11-11
,2019-11-12
,2019-11-13
27.331967013536634,2019-11-14
,2019-11-15
26.428896816829496,2019-11-16
,2019-11-17
23.40509973727745,2019-11-18
,2019-11-19
,2019-11-20
25.07650000000003,2019-11-21
,2019-11-22
27.766400066847876,2019-11-23
,2019-11-24
27.192570230692922,2019-11-25
,2019-11-26
22.0491637462236,2019-11-27
25.982344011475035,2019-11-28
,2019-11-29
25.894931412383055,2019-11-30
,2019-12-01
28.798035346097222,2019-12-02
,2019-12-03
29.17363737896922,2019-12-04
28.43736936693105,2019-12-05
28.25105769815129,2019-12-06
29.823016647764096,2019-12-07
,2019-12-08
30.036648384050924,2019-12-09
,2019-12-10
,2019-12-11
,2019-12-12
,2019-12-13
,2019-12-14
,2019-12-15
24.618455900935082,2019-12-16
,2019-12-17
29.75267706679965,2019-12-18
,2019-12-19
25.959819894498906,2019-12-20
,2019-12-21
,2019-12-22
,2019-12-23
,2019-12-24
26.820860785815952,2019-12-25
,2019-12-26
,2019-12-27
,2019-12-28
26.50890293789514,2019-12-29
28.416802624746275,2019-12-30
29.956394956353062,2019-12-31
